date,tot_price,tot_number,avg_price
2014-01-01,-1.0,-1,-1.0
2014-01-02,140400.0,193,727.4611398963731
2014-01-03,314500.0,399,788.2205513784461
2014-01-04,241900.0,253,956.1264822134387
2014-01-05,-1.0,-1,-1.0
2014-01-06,87000.0,131,664.1221374045801
2014-01-07,210200.0,226,930.0884955752213
2014-01-08,286500.0,373,768.0965147453084
2014-01-09,303100.0,453,669.0949227373069
2014-01-10,349200.0,551,633.7568058076225
2014-01-11,314200.0,467,672.8051391862955
2014-01-12,-1.0,-1,-1.0
2014-01-13,210900.0,112,1883.0357142857142
2014-01-14,477500.0,556,858.8129496402878
2014-01-15,372800.0,413,902.6634382566587
2014-01-16,272400.0,226,1205.3097345132744
2014-01-17,187900.0,249,754.6184738955824
2014-01-18,100000.0,172,581.3953488372093
2014-01-19,-1.0,-1,-1.0
2014-01-20,135100.0,204,662.2549019607843
2014-01-21,317800.0,438,725.5707762557078
2014-01-22,277200.0,432,641.6666666666666
2014-01-23,274000.0,449,610.2449888641426
2014-01-24,140300.0,281,499.288256227758
2014-01-25,162000.0,256,632.8125
2014-01-26,-1.0,-1,-1.0
2014-01-27,276600.0,326,848.4662576687117
2014-01-28,154600.0,280,552.1428571428571
2014-01-29,297100.0,468,634.8290598290598
2014-01-30,100000.0,132,757.5757575757576
2014-01-31,-1.0,-1,-1.0
2014-02-01,-1.0,-1,-1.0
2014-02-02,-1.0,-1,-1.0
2014-02-03,127500.0,132,965.9090909090909
2014-02-04,75000.0,86,872.0930232558139
2014-02-05,158300.0,417,379.6163069544364
2014-02-06,45000.0,42,1071.4285714285713
2014-02-07,124700.0,275,453.45454545454544
2014-02-08,411100.0,491,837.2708757637474
2014-02-09,-1.0,-1,-1.0
2014-02-10,60000.0,54,1111.111111111111
2014-02-11,420500.0,540,778.7037037037037
2014-02-12,310500.0,321,967.2897196261682
2014-02-13,440000.0,479,918.580375782881
2014-02-14,173600.0,116,1496.551724137931
2014-02-15,165000.0,268,615.6716417910447
2014-02-16,-1.0,-1,-1.0
2014-02-17,53800.0,100,538.0
2014-02-18,72000.0,94,765.9574468085107
2014-02-19,176000.0,238,739.4957983193277
2014-02-20,10000.0,20,500.0
2014-02-21,60000.0,113,530.9734513274336
2014-02-22,201500.0,272,740.8088235294117
2014-02-23,-1.0,-1,-1.0
2014-02-24,255800.0,315,812.063492063492
2014-02-25,362300.0,276,1312.6811594202898
2014-02-26,320600.0,406,789.6551724137931
2014-02-27,130000.0,160,812.5
2014-02-28,411500.0,240,1714.5833333333333
2014-03-01,129000.0,170,758.8235294117648
2014-03-02,-1.0,-1,-1.0
2014-03-03,50000.0,10,5000.0
2014-03-04,297800.0,366,813.6612021857924
2014-03-05,409300.0,428,956.3084112149533
2014-03-06,601000.0,706,851.2747875354107
2014-03-07,353900.0,312,1134.2948717948718
2014-03-08,493300.0,609,810.0164203612479
2014-03-09,-1.0,-1,-1.0
2014-03-10,291200.0,455,640.0
2014-03-11,487300.0,605,805.4545454545455
2014-03-12,265200.0,427,621.0772833723653
2014-03-13,323200.0,427,756.9086651053864
2014-03-14,249700.0,255,979.2156862745098
2014-03-15,294000.0,463,634.9892008639309
2014-03-16,-1.0,-1,-1.0
2014-03-17,-1.0,-1,-1.0
2014-03-18,359200.0,429,837.2960372960373
2014-03-19,237500.0,294,807.8231292517007
2014-03-20,237700.0,312,761.8589743589744
2014-03-21,225000.0,256,878.90625
2014-03-22,321400.0,374,859.3582887700535
2014-03-23,-1.0,-1,-1.0
2014-03-24,154500.0,130,1188.4615384615386
2014-03-25,420600.0,583,721.4408233276158
2014-03-26,466600.0,552,845.2898550724638
2014-03-27,385500.0,484,796.4876033057851
2014-03-28,295000.0,276,1068.840579710145
2014-03-29,433700.0,516,840.5038759689922
2014-03-30,-1.0,-1,-1.0
2014-03-31,79000.0,92,858.695652173913
2014-04-01,605700.0,635,953.8582677165355
2014-04-02,332000.0,557,596.0502692998205
2014-04-03,348500.0,684,509.5029239766082
2014-04-04,298000.0,214,1392.5233644859813
2014-04-05,429900.0,555,774.5945945945946
2014-04-06,-1.0,-1,-1.0
2014-04-07,-1.0,-1,-1.0
2014-04-08,572700.0,847,676.1511216056671
2014-04-09,358400.0,332,1079.5180722891566
2014-04-10,389600.0,478,815.0627615062762
2014-04-11,205000.0,186,1102.1505376344087
2014-04-12,418600.0,503,832.2067594433399
2014-04-13,-1.0,-1,-1.0
2014-04-14,15000.0,48,312.5
2014-04-15,479400.0,473,1013.5306553911205
2014-04-16,342400.0,447,765.9955257270693
2014-04-17,278300.0,322,864.2857142857143
2014-04-18,275700.0,224,1230.8035714285713
2014-04-19,227000.0,304,746.7105263157895
2014-04-20,-1.0,-1,-1.0
2014-04-21,-1.0,-1,-1.0
2014-04-22,376000.0,504,746.031746031746
2014-04-23,250100.0,393,636.3867684478372
2014-04-24,197000.0,216,912.0370370370371
2014-04-25,169000.0,226,747.787610619469
2014-04-26,323600.0,509,635.7563850687623
2014-04-27,-1.0,-1,-1.0
2014-04-28,-1.0,-1,-1.0
2014-04-29,307900.0,504,610.9126984126984
2014-04-30,146000.0,334,437.125748502994
2014-05-01,375200.0,507,740.0394477317554
2014-05-02,-1.0,-1,-1.0
2014-05-03,396800.0,679,584.3888070692194
2014-05-04,-1.0,-1,-1.0
2014-05-05,22000.0,26,846.1538461538462
2014-05-06,42000.0,61,688.5245901639345
2014-05-07,44000.0,56,785.7142857142857
2014-05-08,87000.0,207,420.28985507246375
2014-05-09,167100.0,198,843.939393939394
2014-05-10,131800.0,341,386.51026392961876
2014-05-11,-1.0,-1,-1.0
2014-05-12,-1.0,-1,-1.0
2014-05-13,306900.0,483,635.4037267080745
2014-05-14,220300.0,359,613.6490250696379
2014-05-15,177000.0,287,616.7247386759582
2014-05-16,172700.0,226,764.1592920353983
2014-05-17,205500.0,387,531.0077519379845
2014-05-18,-1.0,-1,-1.0
2014-05-19,-1.0,-1,-1.0
2014-05-20,281200.0,458,613.9737991266376
2014-05-21,160300.0,260,616.5384615384615
2014-05-22,295400.0,462,639.3939393939394
2014-05-23,211000.0,212,995.2830188679245
2014-05-24,189000.0,331,570.9969788519637
2014-05-25,-1.0,-1,-1.0
2014-05-26,50000.0,70,714.2857142857143
2014-05-27,446000.0,530,841.5094339622641
2014-05-28,241000.0,335,719.4029850746268
2014-05-29,286500.0,411,697.0802919708029
2014-05-30,299700.0,363,825.6198347107438
2014-05-31,265900.0,479,555.1148225469728
2014-06-01,-1.0,-1,-1.0
2014-06-02,127000.0,114,1114.0350877192982
2014-06-03,388400.0,521,745.489443378119
2014-06-04,320500.0,387,828.1653746770025
2014-06-05,25000.0,74,337.8378378378378
2014-06-06,207000.0,255,811.7647058823529
2014-06-07,-1.0,-1,-1.0
2014-06-08,-1.0,-1,-1.0
2014-06-09,157000.0,96,1635.4166666666667
2014-06-10,392100.0,445,881.123595505618
2014-06-11,177000.0,190,931.578947368421
2014-06-12,301900.0,218,1384.8623853211009
2014-06-13,264000.0,248,1064.516129032258
2014-06-14,49000.0,58,844.8275862068965
2014-06-15,-1.0,-1,-1.0
2014-06-16,-1.0,-1,-1.0
2014-06-17,94000.0,193,487.04663212435236
2014-06-18,240300.0,221,1087.3303167420815
2014-06-19,49000.0,58,844.8275862068965
2014-06-20,172000.0,178,966.2921348314607
2014-06-21,322300.0,358,900.2793296089385
2014-06-22,-1.0,-1,-1.0
2014-06-23,66400.0,46,1443.4782608695652
2014-06-24,331500.0,376,881.6489361702128
2014-06-25,235000.0,347,677.2334293948127
2014-06-26,186700.0,188,993.0851063829788
2014-06-27,225000.0,368,611.4130434782609
2014-06-28,292800.0,503,582.1073558648111
2014-06-29,-1.0,-1,-1.0
2014-06-30,192000.0,86,2232.5581395348836
2014-07-01,200000.0,452,442.4778761061947
2014-07-02,245000.0,210,1166.6666666666667
2014-07-03,392400.0,504,778.5714285714286
2014-07-04,352300.0,346,1018.2080924855492
2014-07-05,195000.0,332,587.3493975903615
2014-07-06,-1.0,-1,-1.0
2014-07-07,210300.0,182,1155.4945054945056
2014-07-08,411000.0,614,669.3811074918567
2014-07-09,299400.0,372,804.8387096774194
2014-07-10,172200.0,287,600.0
2014-07-11,202000.0,296,682.4324324324324
2014-07-12,95000.0,185,513.5135135135135
2014-07-13,-1.0,-1,-1.0
2014-07-14,-1.0,-1,-1.0
2014-07-15,150000.0,247,607.2874493927126
2014-07-16,25000.0,30,833.3333333333334
2014-07-17,263900.0,212,1244.811320754717
2014-07-18,251300.0,278,903.956834532374
2014-07-19,227000.0,318,713.8364779874214
2014-07-20,-1.0,-1,-1.0
2014-07-21,120000.0,164,731.7073170731708
2014-07-22,143800.0,212,678.3018867924528
2014-07-23,150000.0,208,721.1538461538462
2014-07-24,81400.0,80,1017.5
2014-07-25,133700.0,172,777.3255813953489
2014-07-26,-1.0,-1,-1.0
2014-07-27,-1.0,-1,-1.0
2014-07-28,215800.0,287,751.9163763066202
2014-07-29,210000.0,367,572.2070844686649
2014-07-30,216700.0,385,562.8571428571429
2014-07-31,179000.0,205,873.170731707317
2014-08-01,148800.0,150,992.0
2014-08-02,172600.0,256,674.21875
2014-08-03,-1.0,-1,-1.0
2014-08-04,50000.0,52,961.5384615384615
2014-08-05,125000.0,237,527.4261603375527
2014-08-06,340000.0,334,1017.9640718562874
2014-08-07,287900.0,403,714.3920595533499
2014-08-08,160300.0,184,871.195652173913
2014-08-09,289100.0,278,1039.928057553957
2014-08-10,-1.0,-1,-1.0
2014-08-11,133700.0,150,891.3333333333334
2014-08-12,281300.0,407,691.1547911547912
2014-08-13,186900.0,210,890.0
2014-08-14,191600.0,264,725.7575757575758
2014-08-15,171700.0,302,568.5430463576159
2014-08-16,74400.0,56,1328.5714285714287
2014-08-17,-1.0,-1,-1.0
2014-08-18,245100.0,224,1094.1964285714287
2014-08-19,297400.0,438,678.9954337899543
2014-08-20,99900.0,96,1040.625
2014-08-21,150300.0,118,1273.7288135593221
2014-08-22,195700.0,258,758.5271317829457
2014-08-23,168400.0,176,956.8181818181819
2014-08-24,-1.0,-1,-1.0
2014-08-25,110900.0,104,1066.3461538461538
2014-08-26,243200.0,420,579.047619047619
2014-08-27,199900.0,253,790.1185770750989
2014-08-28,171600.0,155,1107.0967741935483
2014-08-29,281200.0,337,834.4213649851632
2014-08-30,259000.0,355,729.5774647887324
2014-08-31,-1.0,-1,-1.0
2014-09-01,156700.0,173,905.7803468208092
2014-09-02,156600.0,227,689.8678414096917
2014-09-03,105000.0,70,1500.0
2014-09-04,235600.0,196,1202.0408163265306
2014-09-05,324200.0,429,755.7109557109557
2014-09-06,376800.0,383,983.8120104438642
2014-09-07,90000.0,64,1406.25
2014-09-08,-1.0,-1,-1.0
2014-09-09,-1.0,-1,-1.0
2014-09-10,-1.0,-1,-1.0
2014-09-11,214800.0,198,1084.8484848484848
2014-09-12,30000.0,78,384.61538461538464
2014-09-13,25000.0,32,781.25
2014-09-14,-1.0,-1,-1.0
2014-09-15,127000.0,121,1049.5867768595042
2014-09-16,300100.0,334,898.502994011976
2014-09-17,239100.0,224,1067.4107142857142
2014-09-18,110800.0,139,797.1223021582733
2014-09-19,192800.0,172,1120.9302325581396
2014-09-20,234200.0,299,783.2775919732442
2014-09-21,-1.0,-1,-1.0
2014-09-22,187500.0,192,976.5625
2014-09-23,457300.0,496,921.9758064516129
2014-09-24,228700.0,223,1025.560538116592
2014-09-25,156900.0,183,857.3770491803278
2014-09-26,112000.0,169,662.7218934911242
2014-09-27,134800.0,120,1123.3333333333333
2014-09-28,-1.0,-1,-1.0
2014-09-29,85400.0,118,723.728813559322
2014-09-30,192100.0,213,901.8779342723004
2014-10-01,177400.0,201,882.5870646766169
2014-10-02,198200.0,228,869.2982456140351
2014-10-03,275700.0,203,1358.128078817734
2014-10-04,259000.0,231,1121.2121212121212
2014-10-05,-1.0,-1,-1.0
2014-10-06,179800.0,217,828.5714285714286
2014-10-07,512300.0,605,846.7768595041322
2014-10-08,518800.0,386,1344.041450777202
2014-10-09,490300.0,571,858.6690017513134
2014-10-10,-1.0,-1,-1.0
2014-10-11,279800.0,343,815.7434402332361
2014-10-12,-1.0,-1,-1.0
2014-10-13,-1.0,-1,-1.0
2014-10-14,226900.0,282,804.6099290780141
2014-10-15,184400.0,128,1440.625
2014-10-16,189900.0,252,753.5714285714286
2014-10-17,177400.0,126,1407.936507936508
2014-10-18,311300.0,389,800.2570694087403
2014-10-19,-1.0,-1,-1.0
2014-10-20,199600.0,210,950.4761904761905
2014-10-21,250500.0,329,761.3981762917933
2014-10-22,252400.0,285,885.6140350877193
2014-10-23,305000.0,302,1009.933774834437
2014-10-24,247700.0,269,920.817843866171
2014-10-25,260500.0,147,1772.108843537415
2014-10-26,-1.0,-1,-1.0
2014-10-27,223900.0,223,1004.0358744394618
2014-10-28,333300.0,246,1354.878048780488
2014-10-29,240800.0,202,1192.079207920792
2014-10-30,141300.0,174,812.0689655172414
2014-10-31,335700.0,244,1375.8196721311476
2014-11-01,241700.0,188,1285.6382978723404
2014-11-02,-1.0,-1,-1.0
2014-11-03,240300.0,251,957.3705179282869
2014-11-04,290100.0,300,967.0
2014-11-05,273700.0,308,888.6363636363636
2014-11-06,377600.0,458,824.4541484716157
2014-11-07,343300.0,286,1200.3496503496503
2014-11-08,490800.0,481,1020.3742203742204
2014-11-09,-1.0,-1,-1.0
2014-11-10,129200.0,93,1389.247311827957
2014-11-11,316100.0,381,829.6587926509186
2014-11-12,80000.0,96,833.3333333333334
2014-11-13,172900.0,153,1130.0653594771243
2014-11-14,437800.0,305,1435.4098360655737
2014-11-15,490000.0,355,1380.281690140845
2014-11-16,-1.0,-1,-1.0
2014-11-17,104600.0,86,1216.2790697674418
2014-11-18,333000.0,324,1027.7777777777778
2014-11-19,269300.0,229,1175.9825327510916
2014-11-20,255700.0,245,1043.6734693877552
2014-11-21,334000.0,381,876.6404199475065
2014-11-22,186700.0,162,1152.469135802469
2014-11-23,-1.0,-1,-1.0
2014-11-24,302300.0,235,1286.3829787234042
2014-11-25,318200.0,234,1359.8290598290598
2014-11-26,245300.0,244,1005.327868852459
2014-11-27,437100.0,414,1055.7971014492753
2014-11-28,344300.0,360,956.3888888888889
2014-11-29,273900.0,220,1245.0
2014-11-30,-1.0,-1,-1.0
2014-12-01,321900.0,323,996.594427244582
2014-12-02,430600.0,383,1124.2819843342036
2014-12-03,323000.0,295,1094.915254237288
2014-12-04,337500.0,408,827.2058823529412
2014-12-05,222600.0,231,963.6363636363636
2014-12-06,308900.0,235,1314.468085106383
2014-12-07,-1.0,-1,-1.0
2014-12-08,42000.0,54,777.7777777777778
2014-12-09,120000.0,120,1000.0
2014-12-10,74500.0,92,809.7826086956521
2014-12-11,113700.0,122,931.9672131147541
2014-12-12,344400.0,176,1956.8181818181818
2014-12-13,458000.0,343,1335.276967930029
2014-12-14,-1.0,-1,-1.0
2014-12-15,357300.0,289,1236.3321799307957
2014-12-16,276700.0,248,1115.725806451613
2014-12-17,263000.0,160,1643.75
2014-12-18,431900.0,369,1170.4607046070462
2014-12-19,28000.0,81,345.679012345679
2014-12-20,78000.0,117,666.6666666666666
2014-12-21,-1.0,-1,-1.0
2014-12-22,261400.0,269,971.7472118959108
2014-12-23,329500.0,331,995.4682779456193
2014-12-24,39000.0,80,487.5
2014-12-25,293000.0,299,979.9331103678929
2014-12-26,331100.0,272,1217.2794117647059
2014-12-27,208400.0,122,1708.1967213114754
2014-12-28,-1.0,-1,-1.0
2014-12-29,234900.0,234,1003.8461538461538
2014-12-30,336900.0,262,1285.8778625954199
2014-12-31,268900.0,216,1244.9074074074074
2015-01-01,-1.0,-1,-1.0
2015-01-02,85000.0,189,449.7354497354497
2015-01-03,94000.0,183,513.6612021857924
2015-01-04,-1.0,-1,-1.0
2015-01-05,43000.0,115,373.9130434782609
2015-01-06,447000.0,463,965.4427645788337
2015-01-07,150000.0,194,773.1958762886597
2015-01-08,263000.0,385,683.1168831168832
2015-01-09,277000.0,275,1007.2727272727273
2015-01-10,140000.0,148,945.9459459459459
2015-01-11,-1.0,-1,-1.0
2015-01-12,192100.0,367,523.433242506812
2015-01-13,175000.0,190,921.0526315789474
2015-01-14,196900.0,236,834.3220338983051
2015-01-15,399500.0,408,979.1666666666666
2015-01-16,204000.0,120,1700.0
2015-01-17,311400.0,231,1348.051948051948
2015-01-18,-1.0,-1,-1.0
2015-01-19,263400.0,245,1075.1020408163265
2015-01-20,178000.0,71,2507.042253521127
2015-01-21,42000.0,120,350.0
2015-01-22,552600.0,280,1973.5714285714287
2015-01-23,492300.0,284,1733.4507042253522
2015-01-24,593300.0,263,2255.893536121673
2015-01-25,-1.0,-1,-1.0
2015-01-26,310100.0,288,1076.736111111111
2015-01-27,345500.0,216,1599.537037037037
2015-01-28,140600.0,184,764.1304347826087
2015-01-29,26000.0,78,333.3333333333333
2015-01-30,105500.0,172,613.3720930232558
2015-01-31,277100.0,195,1421.025641025641
2015-02-01,-1.0,-1,-1.0
2015-02-02,234000.0,197,1187.8172588832488
2015-02-03,553500.0,401,1380.2992518703243
2015-02-04,56300.0,155,363.2258064516129
2015-02-05,531100.0,243,2185.59670781893
2015-02-06,371700.0,175,2124.0
2015-02-07,290000.0,131,2213.740458015267
2015-02-08,-1.0,-1,-1.0
2015-02-09,400100.0,128,3125.78125
2015-02-10,475400.0,313,1518.849840255591
2015-02-11,90000.0,210,428.57142857142856
2015-02-12,355900.0,150,2372.6666666666665
2015-02-13,343500.0,263,1306.083650190114
2015-02-14,364500.0,312,1168.2692307692307
2015-02-15,-1.0,-1,-1.0
2015-02-16,192200.0,205,937.560975609756
2015-02-17,82000.0,85,964.7058823529412
2015-02-18,15000.0,35,428.57142857142856
2015-02-19,-1.0,-1,-1.0
2015-02-20,-1.0,-1,-1.0
2015-02-21,-1.0,-1,-1.0
2015-02-22,-1.0,-1,-1.0
2015-02-23,-1.0,-1,-1.0
2015-02-24,172000.0,176,977.2727272727273
2015-02-25,209000.0,230,908.695652173913
2015-02-26,480200.0,367,1308.4468664850135
2015-02-27,383000.0,322,1189.44099378882
2015-02-28,103200.0,148,697.2972972972973
2015-03-01,-1.0,-1,-1.0
2015-03-02,42900.0,113,379.646017699115
2015-03-03,297000.0,132,2250.0
2015-03-04,335000.0,266,1259.3984962406016
2015-03-05,348300.0,318,1095.2830188679245
2015-03-06,122000.0,168,726.1904761904761
2015-03-07,83300.0,50,1666.0
2015-03-08,-1.0,-1,-1.0
2015-03-09,-1.0,-1,-1.0
2015-03-10,118000.0,130,907.6923076923077
2015-03-11,153000.0,295,518.6440677966102
2015-03-12,238000.0,186,1279.5698924731182
2015-03-13,210400.0,104,2023.076923076923
2015-03-14,666000.0,352,1892.0454545454545
2015-03-15,-1.0,-1,-1.0
2015-03-16,408100.0,295,1383.3898305084747
2015-03-17,307400.0,177,1736.723163841808
2015-03-18,247500.0,137,1806.5693430656934
2015-03-19,30000.0,73,410.958904109589
2015-03-20,271300.0,174,1559.1954022988505
2015-03-21,356900.0,241,1480.9128630705395
2015-03-22,-1.0,-1,-1.0
2015-03-23,327100.0,255,1282.7450980392157
2015-03-24,450000.0,83,5421.686746987952
2015-03-25,288000.0,187,1540.1069518716577
2015-03-26,374000.0,347,1077.8097982708935
2015-03-27,300700.0,316,951.5822784810126
2015-03-28,278100.0,235,1183.404255319149
2015-03-29,-1.0,-1,-1.0
2015-03-30,93000.0,53,1754.7169811320755
2015-03-31,354100.0,123,2878.8617886178863
2015-04-01,344800.0,314,1098.0891719745223
2015-04-02,294600.0,339,869.0265486725664
2015-04-03,87000.0,200,435.0
2015-04-04,73000.0,112,651.7857142857143
2015-04-05,-1.0,-1,-1.0
2015-04-06,-1.0,-1,-1.0
2015-04-07,75000.0,50,1500.0
2015-04-08,95000.0,88,1079.5454545454545
2015-04-09,158000.0,162,975.3086419753087
2015-04-10,361300.0,96,3763.5416666666665
2015-04-11,103000.0,146,705.4794520547945
2015-04-12,-1.0,-1,-1.0
2015-04-13,316200.0,350,903.4285714285714
2015-04-14,320900.0,144,2228.472222222222
2015-04-15,102000.0,215,474.4186046511628
2015-04-16,64100.0,190,337.36842105263156
2015-04-17,200000.0,138,1449.2753623188405
2015-04-18,436800.0,208,2100.0
2015-04-19,-1.0,-1,-1.0
2015-04-20,326700.0,244,1338.9344262295083
2015-04-21,145600.0,178,817.9775280898876
2015-04-22,55000.0,104,528.8461538461538
2015-04-23,141000.0,260,542.3076923076923
2015-04-24,319100.0,161,1981.9875776397516
2015-04-25,667800.0,253,2639.5256916996045
2015-04-26,-1.0,-1,-1.0
2015-04-27,195500.0,139,1406.474820143885
2015-04-28,124500.0,151,824.5033112582781
2015-04-29,164200.0,166,989.156626506024
2015-04-30,12000.0,35,342.85714285714283
2015-05-01,65000.0,55,1181.8181818181818
2015-05-02,-1.0,-1,-1.0
2015-05-03,-1.0,-1,-1.0
2015-05-04,158000.0,61,2590.1639344262294
2015-05-05,382000.0,356,1073.0337078651685
2015-05-06,-1.0,-1,-1.0
2015-05-07,376000.0,386,974.0932642487047
2015-05-08,347000.0,373,930.2949061662198
2015-05-09,60000.0,95,631.578947368421
2015-05-10,-1.0,-1,-1.0
2015-05-11,-1.0,-1,-1.0
2015-05-12,204000.0,206,990.2912621359224
2015-05-13,105000.0,95,1105.2631578947369
2015-05-14,250000.0,317,788.6435331230284
2015-05-15,170000.0,147,1156.4625850340135
2015-05-16,99100.0,113,876.9911504424779
2015-05-17,-1.0,-1,-1.0
2015-05-18,-1.0,-1,-1.0
2015-05-19,336000.0,577,582.3223570190642
2015-05-20,92000.0,209,440.1913875598086
2015-05-21,83000.0,140,592.8571428571429
2015-05-22,90000.0,149,604.0268456375838
2015-05-23,198000.0,171,1157.8947368421052
2015-05-24,-1.0,-1,-1.0
2015-05-25,-1.0,-1,-1.0
2015-05-26,-1.0,-1,-1.0
2015-05-27,237000.0,255,929.4117647058823
2015-05-28,95000.0,89,1067.4157303370787
2015-05-29,20000.0,40,500.0
2015-05-30,35000.0,75,466.6666666666667
2015-05-31,-1.0,-1,-1.0
2015-06-01,-1.0,-1,-1.0
2015-06-02,193000.0,181,1066.2983425414366
2015-06-03,35000.0,75,466.6666666666667
2015-06-04,118600.0,123,964.2276422764228
2015-06-05,170000.0,197,862.9441624365483
2015-06-06,35000.0,75,466.6666666666667
2015-06-07,-1.0,-1,-1.0
2015-06-08,-1.0,-1,-1.0
2015-06-09,160600.0,146,1100.0
2015-06-10,182000.0,240,758.3333333333334
2015-06-11,351000.0,295,1189.8305084745762
2015-06-12,330000.0,304,1085.5263157894738
2015-06-13,310000.0,189,1640.2116402116403
2015-06-14,-1.0,-1,-1.0
2015-06-15,186800.0,155,1205.1612903225807
2015-06-16,265300.0,312,850.3205128205128
2015-06-17,128100.0,152,842.7631578947369
2015-06-18,340600.0,91,3742.8571428571427
2015-06-19,210000.0,268,783.5820895522388
2015-06-20,214200.0,116,1846.551724137931
2015-06-21,-1.0,-1,-1.0
2015-06-22,164500.0,186,884.4086021505376
2015-06-23,275000.0,234,1175.2136752136753
2015-06-24,113500.0,173,656.0693641618498
2015-06-25,249800.0,186,1343.010752688172
2015-06-26,344400.0,221,1558.3710407239819
2015-06-27,69100.0,129,535.6589147286821
2015-06-28,-1.0,-1,-1.0
2015-06-29,74700.0,133,561.6541353383459
2015-06-30,148500.0,98,1515.3061224489795
2015-07-01,118600.0,264,449.24242424242425
2015-07-02,149000.0,107,1392.5233644859813
2015-07-03,118000.0,168,702.3809523809524
2015-07-04,-1.0,-1,-1.0
2015-07-05,-1.0,-1,-1.0
2015-07-06,102000.0,76,1342.1052631578948
2015-07-07,170300.0,217,784.7926267281106
2015-07-08,325400.0,249,1306.8273092369477
2015-07-09,213400.0,279,764.8745519713261
2015-07-10,54600.0,125,436.8
2015-07-11,160200.0,128,1251.5625
2015-07-12,-1.0,-1,-1.0
2015-07-13,33700.0,58,581.0344827586207
2015-07-14,210900.0,188,1121.8085106382978
2015-07-15,110900.0,229,484.27947598253274
2015-07-16,106800.0,40,2670.0
2015-07-17,13000.0,32,406.25
2015-07-18,185400.0,143,1296.5034965034965
2015-07-19,-1.0,-1,-1.0
2015-07-20,93100.0,70,1330.0
2015-07-21,120000.0,213,563.3802816901408
2015-07-22,127100.0,150,847.3333333333334
2015-07-23,147900.0,114,1297.3684210526317
2015-07-24,239800.0,227,1056.387665198238
2015-07-25,-1.0,-1,-1.0
2015-07-26,-1.0,-1,-1.0
2015-07-27,100700.0,96,1048.9583333333333
2015-07-28,165700.0,219,756.62100456621
2015-07-29,156400.0,185,845.4054054054054
2015-07-30,273700.0,304,900.328947368421
2015-07-31,155900.0,156,999.3589743589744
2015-08-01,60000.0,175,342.85714285714283
2015-08-02,-1.0,-1,-1.0
2015-08-03,75000.0,14,5357.142857142857
2015-08-04,178000.0,132,1348.4848484848485
2015-08-05,-1.0,-1,-1.0
2015-08-06,125200.0,150,834.6666666666666
2015-08-07,114900.0,179,641.8994413407821
2015-08-08,87000.0,104,836.5384615384615
2015-08-09,-1.0,-1,-1.0
2015-08-10,115900.0,130,891.5384615384615
2015-08-11,164900.0,259,636.6795366795367
2015-08-12,112100.0,184,609.2391304347826
2015-08-13,102400.0,130,787.6923076923077
2015-08-14,126900.0,167,759.8802395209581
2015-08-15,132000.0,140,942.8571428571429
2015-08-16,-1.0,-1,-1.0
2015-08-17,103700.0,168,617.2619047619048
2015-08-18,104200.0,250,416.8
2015-08-19,162600.0,254,640.1574803149606
2015-08-20,115800.0,120,965.0
2015-08-21,135900.0,195,696.9230769230769
2015-08-22,81900.0,92,890.2173913043479
2015-08-23,-1.0,-1,-1.0
2015-08-24,79200.0,116,682.7586206896551
2015-08-25,103100.0,282,365.60283687943263
2015-08-26,67000.0,91,736.2637362637363
2015-08-27,30000.0,75,400.0
2015-08-28,140400.0,167,840.7185628742515
2015-08-29,262300.0,381,688.4514435695538
2015-08-30,-1.0,-1,-1.0
2015-08-31,60600.0,46,1317.391304347826
2015-09-01,100000.0,116,862.0689655172414
2015-09-02,-1.0,-1,-1.0
2015-09-03,214100.0,206,1039.3203883495146
2015-09-04,134000.0,154,870.1298701298701
2015-09-05,119000.0,134,888.0597014925373
2015-09-06,-1.0,-1,-1.0
2015-09-07,125300.0,88,1423.8636363636363
2015-09-08,286400.0,267,1072.6591760299625
2015-09-09,173400.0,190,912.6315789473684
2015-09-10,84700.0,250,338.8
2015-09-11,124200.0,169,734.9112426035502
2015-09-12,133000.0,174,764.3678160919541
2015-09-13,-1.0,-1,-1.0
2015-09-14,149200.0,223,669.0582959641256
2015-09-15,110500.0,192,575.5208333333334
2015-09-16,105000.0,92,1141.304347826087
2015-09-17,202900.0,172,1179.6511627906978
2015-09-18,153100.0,235,651.4893617021277
2015-09-19,146200.0,176,830.6818181818181
2015-09-20,-1.0,-1,-1.0
2015-09-21,108100.0,92,1175.0
2015-09-22,128000.0,131,977.0992366412214
2015-09-23,346600.0,254,1364.5669291338584
2015-09-24,231000.0,193,1196.8911917098446
2015-09-25,191000.0,166,1150.6024096385543
2015-09-26,204900.0,164,1249.3902439024391
2015-09-27,-1.0,-1,-1.0
2015-09-28,-1.0,-1,-1.0
2015-09-29,-1.0,-1,-1.0
2015-09-30,-1.0,-1,-1.0
2015-10-01,136000.0,88,1545.4545454545455
2015-10-02,-1.0,-1,-1.0
2015-10-03,30000.0,24,1250.0
2015-10-04,-1.0,-1,-1.0
2015-10-05,233500.0,249,937.7510040160643
2015-10-06,203300.0,306,664.3790849673203
2015-10-07,227400.0,318,715.0943396226415
2015-10-08,287700.0,290,992.0689655172414
2015-10-09,147200.0,277,531.4079422382672
2015-10-10,127100.0,152,836.1842105263158
2015-10-11,-1.0,-1,-1.0
2015-10-12,82400.0,130,633.8461538461538
2015-10-13,98700.0,176,560.7954545454545
2015-10-14,124100.0,202,614.3564356435644
2015-10-15,74100.0,108,686.1111111111111
2015-10-16,132500.0,159,833.3333333333334
2015-10-17,92800.0,128,725.0
2015-10-18,-1.0,-1,-1.0
2015-10-19,152000.0,215,706.9767441860465
2015-10-20,146900.0,178,825.2808988764045
2015-10-21,267000.0,267,1000.0
2015-10-22,142200.0,189,752.3809523809524
2015-10-23,202500.0,211,959.7156398104265
2015-10-24,146800.0,215,682.7906976744187
2015-10-25,-1.0,-1,-1.0
2015-10-26,160400.0,251,639.0438247011953
2015-10-27,208800.0,231,903.8961038961039
2015-10-28,81400.0,74,1100.0
2015-10-29,40000.0,20,2000.0
2015-10-30,110000.0,122,901.639344262295
2015-10-31,39000.0,112,348.2142857142857
2015-11-01,-1.0,-1,-1.0
2015-11-02,80000.0,48,1666.6666666666667
2015-11-03,127800.0,104,1228.8461538461538
2015-11-04,256600.0,304,844.078947368421
2015-11-05,159300.0,189,842.8571428571429
2015-11-06,224000.0,272,823.5294117647059
2015-11-07,198500.0,360,551.3888888888889
2015-11-08,-1.0,-1,-1.0
2015-11-09,115300.0,118,977.1186440677966
2015-11-10,188900.0,284,665.1408450704225
2015-11-11,153700.0,92,1670.6521739130435
2015-11-12,308300.0,261,1181.2260536398467
2015-11-13,270600.0,313,864.5367412140575
2015-11-14,333300.0,295,1129.8305084745762
2015-11-15,-1.0,-1,-1.0
2015-11-16,193900.0,299,648.4949832775919
2015-11-17,157500.0,205,768.2926829268292
2015-11-18,241500.0,271,891.1439114391144
2015-11-19,170300.0,207,822.7053140096618
2015-11-20,136400.0,92,1482.608695652174
2015-11-21,384500.0,250,1538.0
2015-11-22,-1.0,-1,-1.0
2015-11-23,242700.0,236,1028.3898305084747
2015-11-24,321400.0,351,915.6695156695157
2015-11-25,243800.0,214,1139.252336448598
2015-11-26,372300.0,393,947.3282442748092
2015-11-27,422800.0,441,958.7301587301587
2015-11-28,195000.0,220,886.3636363636364
2015-11-29,-1.0,-1,-1.0
2015-11-30,90000.0,42,2142.8571428571427
2015-12-01,170000.0,169,1005.9171597633136
2015-12-02,291000.0,226,1287.6106194690265
2015-12-03,213000.0,168,1267.857142857143
2015-12-04,296200.0,216,1371.2962962962963
2015-12-05,198000.0,272,727.9411764705883
2015-12-06,-1.0,-1,-1.0
2015-12-07,210700.0,255,826.2745098039215
2015-12-08,179900.0,237,759.0717299578059
2015-12-09,116800.0,174,671.264367816092
2015-12-10,330100.0,489,675.0511247443762
2015-12-11,102200.0,207,493.719806763285
2015-12-12,44900.0,80,561.25
2015-12-13,-1.0,-1,-1.0
2015-12-14,70300.0,115,611.304347826087
2015-12-15,179600.0,337,532.9376854599407
2015-12-16,223500.0,223,1002.2421524663677
2015-12-17,70300.0,103,682.5242718446602
2015-12-18,132800.0,142,935.2112676056338
2015-12-19,41000.0,42,976.1904761904761
2015-12-20,-1.0,-1,-1.0
2015-12-21,139900.0,187,748.1283422459893
2015-12-22,197300.0,357,552.6610644257703
2015-12-23,175700.0,235,747.6595744680851
2015-12-24,124200.0,115,1080.0
2015-12-25,122600.0,167,734.1317365269462
2015-12-26,31400.0,55,570.9090909090909
2015-12-27,-1.0,-1,-1.0
2015-12-28,18000.0,20,900.0
2015-12-29,164900.0,160,1030.625
2015-12-30,210600.0,216,975.0
2015-12-31,188500.0,138,1365.9420289855072
2016-01-01,-1.0,-1,-1.0
2016-01-02,145400.0,164,886.5853658536586
2016-01-03,-1.0,-1,-1.0
2016-01-04,279800.0,283,988.6925795053004
2016-01-05,181200.0,133,1362.406015037594
2016-01-06,319800.0,355,900.8450704225352
2016-01-07,259900.0,399,651.3784461152882
2016-01-08,206300.0,300,687.6666666666666
2016-01-09,50000.0,55,909.0909090909091
2016-01-10,-1.0,-1,-1.0
2016-01-11,78000.0,98,795.9183673469388
2016-01-12,155900.0,152,1025.657894736842
2016-01-13,180600.0,233,775.1072961373391
2016-01-14,314700.0,333,945.0450450450451
2016-01-15,305000.0,234,1303.4188034188035
2016-01-16,184400.0,225,819.5555555555555
2016-01-17,-1.0,-1,-1.0
2016-01-18,143100.0,132,1084.090909090909
2016-01-19,100800.0,92,1095.6521739130435
2016-01-20,65600.0,100,656.0
2016-01-21,75300.0,135,557.7777777777778
2016-01-22,145000.0,73,1986.3013698630136
2016-01-23,291700.0,337,865.5786350148368
2016-01-24,-1.0,-1,-1.0
2016-01-25,150700.0,84,1794.047619047619
2016-01-26,255600.0,203,1259.1133004926107
2016-01-27,296000.0,207,1429.951690821256
2016-01-28,159500.0,184,866.8478260869565
2016-01-29,238700.0,174,1371.83908045977
2016-01-30,266000.0,189,1407.4074074074074
2016-01-31,-1.0,-1,-1.0
2016-02-01,70000.0,20,3500.0
2016-02-02,40000.0,20,2000.0
2016-02-03,369200.0,334,1105.3892215568862
2016-02-04,212300.0,171,1241.5204678362572
2016-02-05,97000.0,92,1054.3478260869565
2016-02-06,165600.0,226,732.7433628318585
2016-02-07,30000.0,18,1666.6666666666667
2016-02-08,-1.0,-1,-1.0
2016-02-09,-1.0,-1,-1.0
2016-02-10,-1.0,-1,-1.0
2016-02-11,45000.0,18,2500.0
2016-02-12,-1.0,-1,-1.0
2016-02-13,51300.0,18,2850.0
2016-02-14,-1.0,-1,-1.0
2016-02-15,220000.0,126,1746.031746031746
2016-02-16,334100.0,402,831.094527363184
2016-02-17,50000.0,58,862.0689655172414
2016-02-18,334900.0,249,1344.9799196787149
2016-02-19,40000.0,75,533.3333333333334
2016-02-20,299300.0,257,1164.591439688716
2016-02-21,-1.0,-1,-1.0
2016-02-22,301200.0,323,932.5077399380805
2016-02-23,193600.0,180,1075.5555555555557
2016-02-24,-1.0,-1,-1.0
2016-02-25,-1.0,-1,-1.0
2016-02-26,-1.0,-1,-1.0
2016-02-27,-1.0,-1,-1.0
2016-02-28,-1.0,-1,-1.0
2016-02-29,159500.0,106,1504.7169811320755
2016-03-01,186000.0,173,1075.1445086705203
2016-03-02,-1.0,-1,-1.0
2016-03-03,120000.0,115,1043.4782608695652
2016-03-04,195900.0,194,1009.7938144329897
2016-03-05,69400.0,38,1826.3157894736842
2016-03-06,-1.0,-1,-1.0
2016-03-07,177800.0,299,594.6488294314381
2016-03-08,146600.0,54,2714.814814814815
2016-03-09,65000.0,36,1805.5555555555557
2016-03-10,222000.0,154,1441.5584415584415
2016-03-11,101000.0,163,619.6319018404907
2016-03-12,65000.0,62,1048.3870967741937
2016-03-13,-1.0,-1,-1.0
2016-03-14,268800.0,201,1337.313432835821
2016-03-15,362000.0,234,1547.008547008547
2016-03-16,237200.0,154,1540.2597402597403
2016-03-17,97000.0,76,1276.3157894736842
2016-03-18,244000.0,149,1637.5838926174497
2016-03-19,267000.0,289,923.8754325259515
2016-03-20,-1.0,-1,-1.0
2016-03-21,86000.0,92,934.7826086956521
2016-03-22,254200.0,270,941.4814814814815
2016-03-23,103800.0,162,640.7407407407408
2016-03-24,123000.0,138,891.304347826087
2016-03-25,111100.0,118,941.5254237288135
2016-03-26,160300.0,234,685.042735042735
2016-03-27,-1.0,-1,-1.0
2016-03-28,-1.0,-1,-1.0
2016-03-29,157000.0,224,700.8928571428571
2016-03-30,380300.0,346,1099.1329479768785
2016-03-31,90000.0,139,647.4820143884892
2016-04-01,348500.0,217,1605.9907834101382
2016-04-02,350500.0,342,1024.8538011695907
2016-04-03,-1.0,-1,-1.0
2016-04-04,321500.0,243,1323.045267489712
2016-04-05,280500.0,275,1020.0
2016-04-06,274200.0,259,1058.6872586872587
2016-04-07,145000.0,125,1160.0
2016-04-08,330900.0,297,1114.141414141414
2016-04-09,264100.0,233,1133.4763948497855
2016-04-10,-1.0,-1,-1.0
2016-04-11,325000.0,111,2927.927927927928
2016-04-12,418600.0,303,1381.5181518151815
2016-04-13,461800.0,415,1112.7710843373493
2016-04-14,183400.0,122,1503.27868852459
2016-04-15,109000.0,126,865.0793650793651
2016-04-16,199800.0,261,765.5172413793103
2016-04-17,-1.0,-1,-1.0
2016-04-18,295400.0,221,1336.6515837104073
2016-04-19,70000.0,90,777.7777777777778
2016-04-20,248800.0,189,1316.4021164021165
2016-04-21,494900.0,523,946.2715105162524
2016-04-22,140000.0,182,769.2307692307693
2016-04-23,58800.0,110,534.5454545454545
2016-04-24,-1.0,-1,-1.0
2016-04-25,-1.0,-1,-1.0
2016-04-26,75800.0,166,456.6265060240964
2016-04-27,56600.0,100,566.0
2016-04-28,94800.0,117,810.2564102564103
2016-04-29,75000.0,135,555.5555555555555
2016-04-30,85000.0,79,1075.9493670886077
2016-05-01,-1.0,-1,-1.0
2016-05-02,-1.0,-1,-1.0
2016-05-03,152000.0,195,779.4871794871794
2016-05-04,115000.0,131,877.8625954198474
2016-05-05,85000.0,136,625.0
2016-05-06,-1.0,-1,-1.0
2016-05-07,-1.0,-1,-1.0
2016-05-08,-1.0,-1,-1.0
2016-05-09,-1.0,-1,-1.0
2016-05-10,145000.0,131,1106.8702290076335
2016-05-11,167000.0,189,883.5978835978837
2016-05-12,136100.0,184,739.6739130434783
2016-05-13,20000.0,33,606.060606060606
2016-05-14,-1.0,-1,-1.0
2016-05-15,-1.0,-1,-1.0
2016-05-16,-1.0,-1,-1.0
2016-05-17,180000.0,234,769.2307692307693
2016-05-18,-1.0,-1,-1.0
2016-05-19,25000.0,26,961.5384615384615
2016-05-20,45000.0,155,290.3225806451613
2016-05-21,5000.0,30,166.66666666666666
2016-05-22,-1.0,-1,-1.0
2016-05-23,-1.0,-1,-1.0
2016-05-24,110000.0,36,3055.5555555555557
2016-05-25,85000.0,128,664.0625
2016-05-26,85000.0,178,477.5280898876405
2016-05-27,245000.0,120,2041.6666666666667
2016-05-28,221900.0,203,1093.103448275862
2016-05-29,-1.0,-1,-1.0
2016-05-30,183700.0,132,1391.6666666666667
2016-05-31,217700.0,204,1067.1568627450981
2016-06-01,160300.0,138,1161.5942028985507
2016-06-02,70000.0,58,1206.896551724138
2016-06-03,63000.0,95,663.1578947368421
2016-06-04,120000.0,48,2500.0
2016-06-05,-1.0,-1,-1.0
2016-06-06,100800.0,148,681.081081081081
2016-06-07,90000.0,38,2368.4210526315787
2016-06-08,312300.0,249,1254.2168674698796
2016-06-09,169500.0,245,691.8367346938776
2016-06-10,185700.0,84,2210.714285714286
2016-06-11,116300.0,74,1571.6216216216217
2016-06-12,-1.0,-1,-1.0
2016-06-13,77700.0,74,1050.0
2016-06-14,288200.0,352,818.75
2016-06-15,71000.0,104,682.6923076923077
2016-06-16,126500.0,198,638.8888888888889
2016-06-17,224000.0,222,1009.009009009009
2016-06-18,141000.0,98,1438.7755102040817
2016-06-19,-1.0,-1,-1.0
2016-06-20,101300.0,34,2979.4117647058824
2016-06-21,194600.0,260,748.4615384615385
2016-06-22,64100.0,184,348.3695652173913
2016-06-23,-1.0,-1,-1.0
2016-06-24,55000.0,58,948.2758620689655
2016-06-25,82500.0,54,1527.7777777777778
2016-06-26,-1.0,-1,-1.0
2016-06-27,271500.0,283,959.3639575971731
2016-06-28,318700.0,330,965.7575757575758
2016-06-29,212200.0,204,1040.1960784313726
2016-06-30,198000.0,147,1346.938775510204
2016-07-01,295500.0,330,895.4545454545455
2016-07-02,176200.0,224,786.6071428571429
2016-07-03,-1.0,-1,-1.0
2016-07-04,156000.0,241,647.3029045643153
2016-07-05,105400.0,111,949.5495495495495
2016-07-06,111000.0,66,1681.8181818181818
2016-07-07,188000.0,226,831.858407079646
2016-07-08,233700.0,178,1312.9213483146068
2016-07-09,150000.0,96,1562.5
2016-07-10,-1.0,-1,-1.0
2016-07-11,225500.0,261,863.9846743295019
2016-07-12,166900.0,195,855.8974358974359
2016-07-13,122000.0,194,628.8659793814433
2016-07-14,211000.0,241,875.5186721991702
2016-07-15,176400.0,221,798.1900452488687
2016-07-16,233600.0,203,1150.7389162561576
2016-07-17,-1.0,-1,-1.0
2016-07-18,158500.0,175,905.7142857142857
2016-07-19,286600.0,339,845.4277286135693
2016-07-20,50000.0,59,847.457627118644
2016-07-21,92000.0,91,1010.989010989011
2016-07-22,81000.0,132,613.6363636363636
2016-07-23,40000.0,16,2500.0
2016-07-24,-1.0,-1,-1.0
2016-07-25,166200.0,177,938.9830508474577
2016-07-26,199100.0,223,892.8251121076233
2016-07-27,183100.0,157,1166.2420382165606
2016-07-28,84700.0,68,1245.5882352941176
2016-07-29,216300.0,155,1395.483870967742
2016-07-30,-1.0,-1,-1.0
2016-07-31,-1.0,-1,-1.0
2016-08-01,141500.0,207,683.5748792270531
2016-08-02,100900.0,217,464.9769585253456
2016-08-03,105900.0,148,715.5405405405405
2016-08-04,92500.0,154,600.6493506493506
2016-08-05,136100.0,205,663.9024390243902
2016-08-06,182400.0,169,1079.2899408284025
2016-08-07,-1.0,-1,-1.0
2016-08-08,72700.0,100,727.0
2016-08-09,85600.0,150,570.6666666666666
2016-08-10,117100.0,182,643.4065934065934
2016-08-11,67000.0,126,531.7460317460317
2016-08-12,105100.0,122,861.4754098360655
2016-08-13,169600.0,186,911.8279569892474
2016-08-14,-1.0,-1,-1.0
2016-08-15,115500.0,182,634.6153846153846
2016-08-16,139300.0,214,650.9345794392524
2016-08-17,120100.0,100,1201.0
2016-08-18,106000.0,108,981.4814814814815
2016-08-19,-1.0,-1,-1.0
2016-08-20,-1.0,-1,-1.0
2016-08-21,-1.0,-1,-1.0
2016-08-22,-1.0,-1,-1.0
2016-08-23,-1.0,-1,-1.0
2016-08-24,149600.0,168,890.4761904761905
2016-08-25,63700.0,66,965.1515151515151
2016-08-26,203300.0,184,1104.891304347826
2016-08-27,124500.0,210,592.8571428571429
2016-08-28,-1.0,-1,-1.0
2016-08-29,168900.0,217,778.3410138248848
2016-08-30,187500.0,244,768.4426229508197
2016-08-31,135000.0,79,1708.860759493671
2016-09-01,65200.0,46,1417.391304347826
2016-09-02,127000.0,124,1024.1935483870968
2016-09-03,201300.0,246,818.2926829268292
2016-09-04,-1.0,-1,-1.0
2016-09-05,115900.0,170,681.7647058823529
2016-09-06,120000.0,179,670.391061452514
2016-09-07,67200.0,105,640.0
2016-09-08,91600.0,161,568.944099378882
2016-09-09,72900.0,98,743.8775510204082
2016-09-10,83700.0,128,653.90625
2016-09-11,-1.0,-1,-1.0
2016-09-12,136000.0,211,644.5497630331754
2016-09-13,94400.0,169,558.5798816568048
2016-09-14,47000.0,46,1021.7391304347826
2016-09-15,-1.0,-1,-1.0
2016-09-16,-1.0,-1,-1.0
2016-09-17,-1.0,-1,-1.0
2016-09-18,-1.0,-1,-1.0
2016-09-19,-1.0,-1,-1.0
2016-09-20,159400.0,238,669.7478991596639
2016-09-21,95000.0,66,1439.3939393939395
2016-09-22,153000.0,171,894.7368421052631
2016-09-23,185100.0,167,1108.3832335329341
2016-09-24,128400.0,148,867.5675675675676
2016-09-25,-1.0,-1,-1.0
2016-09-26,95500.0,139,687.0503597122303
2016-09-27,118000.0,189,624.3386243386243
2016-09-28,109200.0,118,925.4237288135594
2016-09-29,100400.0,163,615.9509202453987
2016-09-30,121500.0,112,1084.8214285714287
2016-10-01,132900.0,238,558.4033613445379
2016-10-02,-1.0,-1,-1.0
2016-10-03,126900.0,255,497.6470588235294
2016-10-04,99400.0,150,662.6666666666666
2016-10-05,80900.0,130,622.3076923076923
2016-10-06,89600.0,88,1018.1818181818181
2016-10-07,83300.0,150,555.3333333333334
2016-10-08,127000.0,158,803.7974683544304
2016-10-09,-1.0,-1,-1.0
2016-10-10,82500.0,104,793.2692307692307
2016-10-11,208100.0,206,1010.1941747572815
2016-10-12,233500.0,172,1357.5581395348838
2016-10-13,175800.0,182,965.934065934066
2016-10-14,157900.0,132,1196.2121212121212
2016-10-15,115700.0,204,567.156862745098
2016-10-16,-1.0,-1,-1.0
2016-10-17,117100.0,116,1009.4827586206897
2016-10-18,255700.0,265,964.9056603773585
2016-10-19,40000.0,20,2000.0
2016-10-20,85000.0,134,634.3283582089553
2016-10-21,11000.0,30,366.6666666666667
2016-10-22,134500.0,128,1050.78125
2016-10-23,-1.0,-1,-1.0
2016-10-24,205500.0,202,1017.3267326732673
2016-10-25,136300.0,140,973.5714285714286
2016-10-26,153500.0,201,763.681592039801
2016-10-27,114500.0,128,894.53125
2016-10-28,123600.0,203,608.8669950738916
2016-10-29,125200.0,207,604.8309178743962
2016-10-30,-1.0,-1,-1.0
2016-10-31,100800.0,166,607.2289156626506
2016-11-01,75200.0,72,1044.4444444444443
2016-11-02,95700.0,130,736.1538461538462
2016-11-03,115500.0,132,875.0
2016-11-04,183200.0,260,704.6153846153846
2016-11-05,166700.0,215,775.3488372093024
2016-11-06,-1.0,-1,-1.0
2016-11-07,132600.0,162,818.5185185185185
2016-11-08,144700.0,157,921.656050955414
2016-11-09,133900.0,154,869.4805194805194
2016-11-10,180000.0,217,829.4930875576036
2016-11-11,20000.0,30,666.6666666666666
2016-11-12,171800.0,247,695.5465587044534
2016-11-13,-1.0,-1,-1.0
2016-11-14,297000.0,285,1042.1052631578948
2016-11-15,259100.0,273,949.0842490842491
2016-11-16,10500.0,28,375.0
2016-11-17,52000.0,52,1000.0
2016-11-18,-1.0,-1,-1.0
2016-11-19,-1.0,-1,-1.0
2016-11-20,-1.0,-1,-1.0
2016-11-21,229600.0,291,789.0034364261169
2016-11-22,205600.0,211,974.4075829383886
2016-11-23,259300.0,237,1094.0928270042193
2016-11-24,130300.0,161,809.3167701863354
2016-11-25,87600.0,74,1183.7837837837837
2016-11-26,-1.0,-1,-1.0
2016-11-27,-1.0,-1,-1.0
2016-11-28,231100.0,347,665.9942363112392
2016-11-29,247200.0,257,961.8677042801556
2016-11-30,128600.0,235,547.2340425531914
2016-12-01,183300.0,210,872.8571428571429
2016-12-02,142300.0,220,646.8181818181819
2016-12-03,129400.0,220,588.1818181818181
2016-12-04,-1.0,-1,-1.0
2016-12-05,149100.0,185,805.9459459459459
2016-12-06,184900.0,287,644.2508710801394
2016-12-07,94000.0,134,701.4925373134329
2016-12-08,170400.0,269,633.457249070632
2016-12-09,157300.0,220,715.0
2016-12-10,122600.0,126,973.015873015873
2016-12-11,-1.0,-1,-1.0
2016-12-12,189200.0,279,678.1362007168459
2016-12-13,216900.0,359,604.1782729805014
2016-12-14,94000.0,146,643.8356164383562
2016-12-15,245000.0,214,1144.8598130841121
2016-12-16,50000.0,46,1086.9565217391305
2016-12-17,-1.0,-1,-1.0
2016-12-18,-1.0,-1,-1.0
2016-12-19,130000.0,94,1382.9787234042553
2016-12-20,182200.0,189,964.021164021164
2016-12-21,184100.0,271,679.3357933579335
2016-12-22,141800.0,267,531.0861423220974
2016-12-23,111900.0,158,708.2278481012659
2016-12-24,107800.0,164,657.3170731707318
2016-12-25,-1.0,-1,-1.0
2016-12-26,20000.0,28,714.2857142857143
2016-12-27,88100.0,84,1048.8095238095239
2016-12-28,230200.0,215,1070.6976744186047
2016-12-29,151300.0,229,660.6986899563319
2016-12-30,85000.0,50,1700.0
2016-12-31,147000.0,190,773.6842105263158
2017-01-01,-1.0,-1,-1.0
2017-01-02,122300.0,219,558.4474885844749
2017-01-03,110000.0,158,696.2025316455696
2017-01-04,78700.0,111,709.009009009009
2017-01-05,121200.0,210,577.1428571428571
2017-01-06,117400.0,207,567.1497584541063
2017-01-07,170100.0,220,773.1818181818181
2017-01-08,-1.0,-1,-1.0
2017-01-09,12000.0,34,352.94117647058823
2017-01-10,-1.0,-1,-1.0
2017-01-11,259000.0,174,1488.5057471264367
2017-01-12,158800.0,173,917.9190751445087
2017-01-13,240300.0,100,2403.0
2017-01-14,35000.0,28,1250.0
2017-01-15,-1.0,-1,-1.0
2017-01-16,306300.0,206,1486.893203883495
2017-01-17,155400.0,140,1110.0
2017-01-18,282400.0,226,1249.5575221238937
2017-01-19,243300.0,255,954.1176470588235
2017-01-20,293000.0,272,1077.2058823529412
2017-01-21,153400.0,145,1057.9310344827586
2017-01-22,-1.0,-1,-1.0
2017-01-23,156100.0,108,1445.3703703703704
2017-01-24,140000.0,38,3684.2105263157896
2017-01-25,150000.0,162,925.925925925926
2017-01-26,163000.0,94,1734.0425531914893
2017-01-27,67000.0,92,728.2608695652174
2017-01-28,-1.0,-1,-1.0
2017-01-29,-1.0,-1,-1.0
2017-01-30,-1.0,-1,-1.0
2017-01-31,-1.0,-1,-1.0
2017-02-01,75000.0,142,528.169014084507
2017-02-02,50000.0,62,806.4516129032259
2017-02-03,262000.0,110,2381.818181818182
2017-02-04,108000.0,168,642.8571428571429
2017-02-05,-1.0,-1,-1.0
2017-02-06,432000.0,469,921.1087420042644
2017-02-07,172400.0,191,902.6178010471205
2017-02-08,143200.0,138,1037.6811594202898
2017-02-09,152000.0,98,1551.0204081632653
2017-02-10,190000.0,104,1826.923076923077
2017-02-11,42000.0,77,545.4545454545455
2017-02-12,-1.0,-1,-1.0
2017-02-13,-1.0,-1,-1.0
2017-02-14,102000.0,173,589.5953757225434
2017-02-15,67000.0,91,736.2637362637363
2017-02-16,80000.0,136,588.2352941176471
2017-02-17,-1.0,-1,-1.0
2017-02-18,280000.0,152,1842.1052631578948
2017-02-19,-1.0,-1,-1.0
2017-02-20,200000.0,104,1923.076923076923
2017-02-21,422100.0,373,1131.6353887399464
2017-02-22,204000.0,230,886.9565217391304
2017-02-23,242000.0,242,1000.0
2017-02-24,368600.0,337,1093.7685459940653
2017-02-25,87300.0,119,733.6134453781513
2017-02-26,-1.0,-1,-1.0
2017-02-27,55000.0,60,916.6666666666666
2017-02-28,230900.0,144,1603.4722222222222
2017-03-01,129700.0,38,3413.157894736842
2017-03-02,130700.0,38,3439.4736842105262
2017-03-03,310200.0,266,1166.1654135338347
2017-03-04,97300.0,70,1390.0
2017-03-05,-1.0,-1,-1.0
2017-03-06,127300.0,127,1002.3622047244095
2017-03-07,197000.0,280,703.5714285714286
2017-03-08,137900.0,110,1253.6363636363637
2017-03-09,75000.0,90,833.3333333333334
2017-03-10,80000.0,141,567.3758865248227
2017-03-11,193000.0,209,923.444976076555
2017-03-12,-1.0,-1,-1.0
2017-03-13,-1.0,-1,-1.0
2017-03-14,303500.0,457,664.1137855579868
2017-03-15,191300.0,155,1234.1935483870968
2017-03-16,168900.0,207,815.9420289855072
2017-03-17,406000.0,298,1362.4161073825503
2017-03-18,348200.0,238,1463.0252100840337
2017-03-19,-1.0,-1,-1.0
2017-03-20,189500.0,159,1191.8238993710693
2017-03-21,227700.0,284,801.7605633802817
2017-03-22,292000.0,243,1201.6460905349795
2017-03-23,147000.0,181,812.1546961325967
2017-03-24,-1.0,-1,-1.0
2017-03-25,300000.0,218,1376.1467889908256
2017-03-26,-1.0,-1,-1.0
2017-03-27,155800.0,76,2050.0
2017-03-28,347800.0,328,1060.3658536585365
2017-03-29,127000.0,197,644.6700507614213
2017-03-30,40000.0,65,615.3846153846154
2017-03-31,215000.0,264,814.3939393939394
2017-04-01,240000.0,105,2285.714285714286
2017-04-02,-1.0,-1,-1.0
2017-04-03,269100.0,138,1950.0
2017-04-04,233000.0,258,903.1007751937984
2017-04-05,295000.0,210,1404.7619047619048
2017-04-06,263000.0,176,1494.3181818181818
2017-04-07,371000.0,318,1166.6666666666667
2017-04-08,45000.0,20,2250.0
2017-04-09,-1.0,-1,-1.0
2017-04-10,-1.0,-1,-1.0
2017-04-11,137000.0,135,1014.8148148148148
2017-04-12,168000.0,204,823.5294117647059
2017-04-13,139200.0,177,786.4406779661017
2017-04-14,88000.0,162,543.2098765432099
2017-04-15,40000.0,54,740.7407407407408
2017-04-16,-1.0,-1,-1.0
2017-04-17,-1.0,-1,-1.0
2017-04-18,172100.0,178,966.8539325842696
2017-04-19,167000.0,279,598.5663082437276
2017-04-20,122000.0,135,903.7037037037037
2017-04-21,89000.0,176,505.6818181818182
2017-04-22,32300.0,56,576.7857142857143
2017-04-23,-1.0,-1,-1.0
2017-04-24,-1.0,-1,-1.0
2017-04-25,72000.0,102,705.8823529411765
2017-04-26,74200.0,76,976.3157894736842
2017-04-27,80900.0,121,668.595041322314
2017-04-28,16100.0,35,460.0
2017-04-29,57000.0,133,428.57142857142856
2017-04-30,-1.0,-1,-1.0
2017-05-01,-1.0,-1,-1.0
2017-05-02,-1.0,-1,-1.0
2017-05-03,45000.0,95,473.6842105263158
2017-05-04,-1.0,-1,-1.0
2017-05-05,35000.0,62,564.516129032258
2017-05-06,-1.0,-1,-1.0
2017-05-07,-1.0,-1,-1.0
2017-05-08,-1.0,-1,-1.0
2017-05-09,40000.0,100,400.0
2017-05-10,-1.0,-1,-1.0
2017-05-11,60000.0,20,3000.0
2017-05-12,150000.0,148,1013.5135135135135
2017-05-13,20000.0,32,625.0
2017-05-14,-1.0,-1,-1.0
2017-05-15,-1.0,-1,-1.0
2017-05-16,80000.0,52,1538.4615384615386
2017-05-17,60000.0,20,3000.0
2017-05-18,102000.0,84,1214.2857142857142
2017-05-19,60000.0,20,3000.0
2017-05-20,20000.0,32,625.0
2017-05-21,-1.0,-1,-1.0
2017-05-22,-1.0,-1,-1.0
2017-05-23,180000.0,128,1406.25
2017-05-24,90000.0,90,1000.0
2017-05-25,160000.0,72,2222.222222222222
2017-05-26,80000.0,52,1538.4615384615386
2017-05-27,105000.0,123,853.6585365853658
2017-05-28,-1.0,-1,-1.0
2017-05-29,62100.0,84,739.2857142857143
2017-05-30,170000.0,198,858.5858585858585
2017-05-31,184900.0,180,1027.2222222222222
2017-06-01,115000.0,64,1796.875
2017-06-02,170000.0,96,1770.8333333333333
2017-06-03,102000.0,74,1378.3783783783783
2017-06-04,-1.0,-1,-1.0
2017-06-05,108000.0,48,2250.0
2017-06-06,272400.0,172,1583.7209302325582
2017-06-07,145000.0,68,2132.3529411764707
2017-06-08,80000.0,52,1538.4615384615386
2017-06-09,100000.0,86,1162.7906976744187
2017-06-10,42000.0,58,724.1379310344828
2017-06-11,-1.0,-1,-1.0
2017-06-12,-1.0,-1,-1.0
2017-06-13,20000.0,32,625.0
2017-06-14,20000.0,32,625.0
2017-06-15,415000.0,216,1921.2962962962963
2017-06-16,258000.0,129,2000.0
2017-06-17,-1.0,-1,-1.0
2017-06-18,-1.0,-1,-1.0
2017-06-19,126600.0,106,1194.3396226415093
2017-06-20,204800.0,148,1383.7837837837837
2017-06-21,200000.0,90,2222.222222222222
2017-06-22,123500.0,110,1122.7272727272727
2017-06-23,172000.0,96,1791.6666666666667
2017-06-24,253500.0,140,1810.7142857142858
2017-06-25,-1.0,-1,-1.0
2017-06-26,215900.0,166,1300.6024096385543
2017-06-27,250800.0,196,1279.591836734694
2017-06-28,178300.0,168,1061.3095238095239
2017-06-29,255300.0,184,1387.5
2017-06-30,190600.0,178,1070.7865168539327
2017-07-01,249700.0,110,2270.0
2017-07-02,-1.0,-1,-1.0
2017-07-03,38000.0,28,1357.142857142857
2017-07-04,323600.0,186,1739.784946236559
2017-07-05,30000.0,56,535.7142857142857
2017-07-06,22000.0,30,733.3333333333334
2017-07-07,348000.0,138,2521.7391304347825
2017-07-08,309700.0,137,2260.5839416058393
2017-07-09,-1.0,-1,-1.0
2017-07-10,67600.0,61,1108.1967213114754
2017-07-11,-1.0,-1,-1.0
2017-07-12,72000.0,52,1384.6153846153845
2017-07-13,112000.0,82,1365.8536585365853
2017-07-14,39000.0,66,590.9090909090909
2017-07-15,118500.0,172,688.953488372093
2017-07-16,-1.0,-1,-1.0
2017-07-17,106900.0,129,828.6821705426356
2017-07-18,261200.0,174,1501.1494252873563
2017-07-19,206500.0,220,938.6363636363636
2017-07-20,143500.0,136,1055.1470588235295
2017-07-21,164200.0,140,1172.857142857143
2017-07-22,181100.0,185,978.918918918919
2017-07-23,-1.0,-1,-1.0
2017-07-24,114000.0,140,814.2857142857143
2017-07-25,87700.0,150,584.6666666666666
2017-07-26,127800.0,184,694.5652173913044
2017-07-27,50000.0,46,1086.9565217391305
2017-07-28,233000.0,138,1688.4057971014493
2017-07-29,-1.0,-1,-1.0
2017-07-30,-1.0,-1,-1.0
2017-07-31,64000.0,101,633.6633663366337
2017-08-01,120700.0,170,710.0
2017-08-02,179200.0,220,814.5454545454545
2017-08-03,221700.0,157,1412.1019108280254
2017-08-04,148400.0,173,857.8034682080925
2017-08-05,204300.0,239,854.8117154811715
2017-08-06,-1.0,-1,-1.0
2017-08-07,202300.0,237,853.5864978902954
2017-08-08,77300.0,68,1136.764705882353
2017-08-09,23000.0,20,1150.0
2017-08-10,45000.0,50,900.0
2017-08-11,-1.0,-1,-1.0
2017-08-12,37000.0,58,637.9310344827586
2017-08-13,-1.0,-1,-1.0
2017-08-14,142700.0,150,951.3333333333334
2017-08-15,155200.0,213,728.6384976525821
2017-08-16,170200.0,269,632.7137546468401
2017-08-17,124400.0,203,612.807881773399
2017-08-18,121900.0,181,673.4806629834254
2017-08-19,132400.0,185,715.6756756756756
2017-08-20,-1.0,-1,-1.0
2017-08-21,123100.0,194,634.5360824742268
2017-08-22,132500.0,233,568.6695278969958
2017-08-23,148500.0,138,1076.0869565217392
2017-08-24,221900.0,192,1155.7291666666667
2017-08-25,163600.0,249,657.0281124497992
2017-08-26,132200.0,193,684.9740932642487
2017-08-27,-1.0,-1,-1.0
2017-08-28,173500.0,203,854.679802955665
2017-08-29,177500.0,203,874.384236453202
2017-08-30,174400.0,200,872.0
2017-08-31,134100.0,153,876.4705882352941
2017-09-01,182000.0,235,774.468085106383
2017-09-02,116100.0,155,749.0322580645161
2017-09-03,-1.0,-1,-1.0
2017-09-04,117400.0,139,844.6043165467626
2017-09-05,171600.0,181,948.0662983425415
2017-09-06,161300.0,146,1104.7945205479452
2017-09-07,20000.0,20,1000.0
2017-09-08,-1.0,-1,-1.0
2017-09-09,-1.0,-1,-1.0
2017-09-10,-1.0,-1,-1.0
2017-09-11,203700.0,159,1281.132075471698
2017-09-12,211500.0,255,829.4117647058823
2017-09-13,155100.0,171,907.0175438596491
2017-09-14,244500.0,294,831.6326530612245
2017-09-15,159600.0,203,786.2068965517242
2017-09-16,156900.0,222,706.7567567567568
2017-09-17,-1.0,-1,-1.0
2017-09-18,79700.0,107,744.8598130841121
2017-09-19,130900.0,213,614.5539906103286
2017-09-20,129200.0,176,734.0909090909091
2017-09-21,137800.0,180,765.5555555555555
2017-09-22,116100.0,174,667.2413793103449
2017-09-23,156000.0,230,678.2608695652174
2017-09-24,-1.0,-1,-1.0
2017-09-25,88200.0,163,541.1042944785277
2017-09-26,114500.0,161,711.1801242236024
2017-09-27,114300.0,185,617.8378378378378
2017-09-28,144700.0,222,651.8018018018018
2017-09-29,143200.0,174,822.9885057471264
2017-09-30,126500.0,174,727.0114942528736
2017-10-01,99000.0,180,550.0
2017-10-02,114100.0,146,781.5068493150685
2017-10-03,108200.0,193,560.6217616580311
2017-10-04,-1.0,-1,-1.0
2017-10-05,-1.0,-1,-1.0
2017-10-06,-1.0,-1,-1.0
2017-10-07,-1.0,-1,-1.0
2017-10-08,-1.0,-1,-1.0
2017-10-09,-1.0,-1,-1.0
2017-10-10,97900.0,122,802.4590163934427
2017-10-11,181700.0,234,776.4957264957264
2017-10-12,177000.0,240,737.5
2017-10-13,196400.0,265,741.1320754716982
2017-10-14,162600.0,210,774.2857142857143
2017-10-15,-1.0,-1,-1.0
2017-10-16,216700.0,214,1012.6168224299065
2017-10-17,111000.0,81,1370.3703703703704
2017-10-18,-1.0,-1,-1.0
2017-10-19,40000.0,22,1818.1818181818182
2017-10-20,325000.0,177,1836.1581920903955
2017-10-21,187800.0,237,792.4050632911392
2017-10-22,-1.0,-1,-1.0
2017-10-23,200300.0,246,814.2276422764228
2017-10-24,134500.0,114,1179.8245614035088
2017-10-25,99800.0,105,950.4761904761905
2017-10-26,103100.0,137,752.5547445255474
2017-10-27,200200.0,202,991.0891089108911
2017-10-28,147800.0,198,746.4646464646464
2017-10-29,-1.0,-1,-1.0
2017-10-30,127700.0,166,769.277108433735
2017-10-31,149200.0,120,1243.3333333333333
2017-11-01,72000.0,158,455.69620253164555
2017-11-02,246000.0,295,833.8983050847457
2017-11-03,373900.0,224,1669.1964285714287
2017-11-04,287800.0,216,1332.4074074074074
2017-11-05,-1.0,-1,-1.0
2017-11-06,-1.0,-1,-1.0
2017-11-07,45000.0,94,478.72340425531917
2017-11-08,36000.0,102,352.94117647058823
2017-11-09,260000.0,190,1368.421052631579
2017-11-10,377100.0,327,1153.211009174312
2017-11-11,322300.0,180,1790.5555555555557
2017-11-12,-1.0,-1,-1.0
2017-11-13,408000.0,369,1105.6910569105692
2017-11-14,414200.0,287,1443.205574912892
2017-11-15,93000.0,90,1033.3333333333333
2017-11-16,451000.0,341,1322.5806451612902
2017-11-17,379200.0,282,1344.6808510638298
2017-11-18,304900.0,320,952.8125
2017-11-19,-1.0,-1,-1.0
2017-11-20,280800.0,392,716.3265306122449
2017-11-21,258400.0,411,628.7104622871046
2017-11-22,216800.0,208,1042.3076923076924
2017-11-23,181500.0,266,682.3308270676691
2017-11-24,319600.0,346,923.6994219653179
2017-11-25,209600.0,172,1218.6046511627908
2017-11-26,-1.0,-1,-1.0
2017-11-27,146900.0,196,749.4897959183673
2017-11-28,221400.0,300,738.0
2017-11-29,161800.0,116,1394.8275862068965
2017-11-30,283800.0,313,906.7092651757189
2017-12-01,116200.0,178,652.8089887640449
2017-12-02,103000.0,124,830.6451612903226
2017-12-03,-1.0,-1,-1.0
2017-12-04,-1.0,-1,-1.0
2017-12-05,165000.0,338,488.1656804733728
2017-12-06,119000.0,173,687.8612716763006
2017-12-07,20000.0,26,769.2307692307693
2017-12-08,221100.0,255,867.0588235294117
2017-12-09,107000.0,95,1126.3157894736842
2017-12-10,-1.0,-1,-1.0
2017-12-11,281700.0,248,1135.8870967741937
2017-12-12,308600.0,316,976.5822784810126
2017-12-13,221000.0,339,651.9174041297935
2017-12-14,151500.0,154,983.7662337662338
2017-12-15,186700.0,172,1085.4651162790697
2017-12-16,209600.0,180,1164.4444444444443
2017-12-17,-1.0,-1,-1.0
2017-12-18,166600.0,225,740.4444444444445
2017-12-19,197200.0,237,832.0675105485232
2017-12-20,-1.0,-1,-1.0
2017-12-21,256200.0,259,989.1891891891892
2017-12-22,258700.0,255,1014.5098039215686
2017-12-23,136900.0,150,912.6666666666666
2017-12-24,-1.0,-1,-1.0
2017-12-25,268700.0,365,736.1643835616438
2017-12-26,248600.0,264,941.6666666666666
2017-12-27,211100.0,252,837.6984126984127
2017-12-28,160400.0,184,871.7391304347826
2017-12-29,321700.0,226,1423.4513274336284
2017-12-30,346200.0,304,1138.8157894736842
2017-12-31,-1.0,-1,-1.0
2018-01-01,-1.0,-1,-1.0
2018-01-02,248500.0,172,1444.7674418604652
2018-01-03,293400.0,329,891.7933130699088
2018-01-04,125000.0,215,581.3953488372093
2018-01-05,22000.0,26,846.1538461538462
2018-01-06,45000.0,155,290.3225806451613
2018-01-07,-1.0,-1,-1.0
2018-01-08,-1.0,-1,-1.0
2018-01-09,165000.0,158,1044.3037974683543
2018-01-10,408000.0,287,1421.602787456446
2018-01-11,188600.0,256,736.71875
2018-01-12,115000.0,70,1642.857142857143
2018-01-13,23000.0,26,884.6153846153846
2018-01-14,-1.0,-1,-1.0
2018-01-15,32000.0,32,1000.0
2018-01-16,436100.0,433,1007.1593533487298
2018-01-17,275400.0,225,1224.0
2018-01-18,189000.0,225,840.0
2018-01-19,261300.0,279,936.5591397849462
2018-01-20,218400.0,187,1167.9144385026739
2018-01-21,-1.0,-1,-1.0
2018-01-22,266800.0,264,1010.6060606060606
2018-01-23,217600.0,276,788.4057971014493
2018-01-24,189100.0,194,974.7422680412371
2018-01-25,223100.0,213,1047.4178403755868
2018-01-26,45000.0,105,428.57142857142856
2018-01-27,50000.0,46,1086.9565217391305
2018-01-28,-1.0,-1,-1.0
2018-01-29,-1.0,-1,-1.0
2018-01-30,236000.0,192,1229.1666666666667
2018-01-31,51000.0,46,1108.695652173913
2018-02-01,20000.0,85,235.2941176470588
2018-02-02,160000.0,213,751.1737089201878
2018-02-03,474900.0,385,1233.5064935064936
2018-02-04,-1.0,-1,-1.0
2018-02-05,198000.0,86,2302.3255813953488
2018-02-06,89400.0,98,912.2448979591836
2018-02-07,50000.0,20,2500.0
2018-02-08,60000.0,20,3000.0
2018-02-09,168000.0,92,1826.0869565217392
2018-02-10,80000.0,54,1481.4814814814815
2018-02-11,-1.0,-1,-1.0
2018-02-12,100300.0,66,1519.6969696969697
2018-02-13,114800.0,92,1247.8260869565217
2018-02-14,30000.0,18,1666.6666666666667
2018-02-15,-1.0,-1,-1.0
2018-02-16,-1.0,-1,-1.0
2018-02-17,-1.0,-1,-1.0
2018-02-18,-1.0,-1,-1.0
2018-02-19,-1.0,-1,-1.0
2018-02-20,-1.0,-1,-1.0
2018-02-21,322600.0,282,1143.9716312056737
2018-02-22,475100.0,262,1813.3587786259543
2018-02-23,236200.0,150,1574.6666666666667
2018-02-24,154400.0,147,1050.3401360544217
2018-02-25,-1.0,-1,-1.0
2018-02-26,195300.0,208,938.9423076923077
2018-02-27,400700.0,397,1009.3198992443325
2018-02-28,247100.0,178,1388.2022471910113
2018-03-01,271000.0,234,1158.1196581196582
2018-03-02,84000.0,60,1400.0
2018-03-03,-1.0,-1,-1.0
2018-03-04,-1.0,-1,-1.0
2018-03-05,-1.0,-1,-1.0
2018-03-06,-1.0,-1,-1.0
2018-03-07,-1.0,-1,-1.0
2018-03-08,-1.0,-1,-1.0
2018-03-09,-1.0,-1,-1.0
2018-03-10,-1.0,-1,-1.0
2018-03-11,-1.0,-1,-1.0
2018-03-12,110000.0,62,1774.1935483870968
2018-03-13,370000.0,233,1587.9828326180257
2018-03-14,180000.0,24,7500.0
2018-03-15,304800.0,253,1204.7430830039525
2018-03-16,-1.0,-1,-1.0
2018-03-17,238500.0,112,2129.464285714286
2018-03-18,-1.0,-1,-1.0
2018-03-19,-1.0,-1,-1.0
2018-03-20,430200.0,223,1929.1479820627803
2018-03-21,300200.0,267,1124.3445692883895
2018-03-22,18000.0,24,750.0
2018-03-23,53000.0,54,981.4814814814815
2018-03-24,207600.0,94,2208.5106382978724
2018-03-25,-1.0,-1,-1.0
2018-03-26,346900.0,313,1108.3067092651756
2018-03-27,365000.0,395,924.0506329113924
2018-03-28,254000.0,207,1227.0531400966183
2018-03-29,155000.0,154,1006.4935064935065
2018-03-30,172400.0,170,1014.1176470588235
2018-03-31,-1.0,-1,-1.0
2018-04-01,-1.0,-1,-1.0
2018-04-02,-1.0,-1,-1.0
2018-04-03,90000.0,135,666.6666666666666
2018-04-04,-1.0,-1,-1.0
2018-04-05,-1.0,-1,-1.0
2018-04-06,60000.0,72,833.3333333333334
2018-04-07,407000.0,225,1808.888888888889
2018-04-08,-1.0,-1,-1.0
2018-04-09,233000.0,130,1792.3076923076924
2018-04-10,130800.0,189,692.063492063492
2018-04-11,43000.0,79,544.3037974683544
2018-04-12,436000.0,246,1772.3577235772357
2018-04-13,116000.0,46,2521.7391304347825
2018-04-14,344000.0,269,1278.810408921933
2018-04-15,-1.0,-1,-1.0
2018-04-16,371000.0,223,1663.6771300448431
2018-04-17,171100.0,117,1462.3931623931624
2018-04-18,130000.0,121,1074.3801652892562
2018-04-19,242500.0,226,1073.0088495575221
2018-04-20,271700.0,182,1492.857142857143
2018-04-21,232900.0,142,1640.1408450704225
2018-04-22,-1.0,-1,-1.0
2018-04-23,261800.0,209,1252.6315789473683
2018-04-24,167500.0,151,1109.271523178808
2018-04-25,30000.0,32,937.5
2018-04-26,33000.0,99,333.3333333333333
2018-04-27,30000.0,32,937.5
2018-04-28,235000.0,171,1374.2690058479532
2018-04-29,-1.0,-1,-1.0
2018-04-30,155000.0,88,1761.3636363636363
2018-05-01,368000.0,192,1916.6666666666667
2018-05-02,-1.0,-1,-1.0
2018-05-03,108000.0,254,425.1968503937008
2018-05-04,-1.0,-1,-1.0
2018-05-05,50000.0,60,833.3333333333334
2018-05-06,-1.0,-1,-1.0
2018-05-07,-1.0,-1,-1.0
2018-05-08,-1.0,-1,-1.0
2018-05-09,-1.0,-1,-1.0
2018-05-10,30000.0,70,428.57142857142856
2018-05-11,-1.0,-1,-1.0
2018-05-12,-1.0,-1,-1.0
2018-05-13,-1.0,-1,-1.0
2018-05-14,-1.0,-1,-1.0
2018-05-15,34000.0,32,1062.5
2018-05-16,94000.0,177,531.0734463276837
2018-05-17,25000.0,70,357.14285714285717
2018-05-18,-1.0,-1,-1.0
2018-05-19,170000.0,90,1888.888888888889
2018-05-20,-1.0,-1,-1.0
2018-05-21,-1.0,-1,-1.0
2018-05-22,59000.0,102,578.4313725490196
2018-05-23,-1.0,-1,-1.0
2018-05-24,20000.0,90,222.22222222222223
2018-05-25,-1.0,-1,-1.0
2018-05-26,45000.0,160,281.25
2018-05-27,-1.0,-1,-1.0
2018-05-28,-1.0,-1,-1.0
2018-05-29,100000.0,152,657.8947368421053
2018-05-30,-1.0,-1,-1.0
2018-05-31,-1.0,-1,-1.0
2018-06-01,-1.0,-1,-1.0
2018-06-02,-1.0,-1,-1.0
2018-06-03,-1.0,-1,-1.0
2018-06-04,30000.0,35,857.1428571428571
2018-06-05,69400.0,50,1388.0
2018-06-06,101000.0,77,1311.6883116883116
2018-06-07,20000.0,24,833.3333333333334
2018-06-08,80000.0,54,1481.4814814814815
2018-06-09,30000.0,32,937.5
2018-06-10,-1.0,-1,-1.0
2018-06-11,-1.0,-1,-1.0
2018-06-12,30000.0,32,937.5
2018-06-13,30000.0,32,937.5
2018-06-14,-1.0,-1,-1.0
2018-06-15,30000.0,32,937.5
2018-06-16,90000.0,46,1956.5217391304348
2018-06-17,-1.0,-1,-1.0
2018-06-18,-1.0,-1,-1.0
2018-06-19,30000.0,32,937.5
2018-06-20,-1.0,-1,-1.0
2018-06-21,58000.0,60,966.6666666666666
2018-06-22,180000.0,92,1956.5217391304348
2018-06-23,150000.0,105,1428.5714285714287
2018-06-24,-1.0,-1,-1.0
2018-06-25,-1.0,-1,-1.0
2018-06-26,-1.0,-1,-1.0
2018-06-27,195000.0,105,1857.142857142857
2018-06-28,30000.0,32,937.5
2018-06-29,30000.0,32,937.5
2018-06-30,30000.0,32,937.5
2018-07-01,-1.0,-1,-1.0
2018-07-02,-1.0,-1,-1.0
2018-07-03,30000.0,32,937.5
2018-07-04,30000.0,40,750.0
2018-07-05,30000.0,32,937.5
2018-07-06,380200.0,135,2816.296296296296
2018-07-07,282500.0,261,1082.3754789272032
2018-07-08,-1.0,-1,-1.0
2018-07-09,186000.0,226,823.0088495575221
2018-07-10,120800.0,193,625.9067357512953
2018-07-11,61000.0,107,570.0934579439253
2018-07-12,110600.0,137,807.2992700729927
2018-07-13,170300.0,215,792.0930232558139
2018-07-14,169400.0,221,766.5158371040724
2018-07-15,-1.0,-1,-1.0
2018-07-16,156000.0,157,993.6305732484077
2018-07-17,189200.0,242,781.8181818181819
2018-07-18,78300.0,122,641.8032786885246
2018-07-19,170000.0,123,1382.1138211382113
2018-07-20,160900.0,132,1218.939393939394
2018-07-21,174000.0,167,1041.9161676646706
2018-07-22,-1.0,-1,-1.0
2018-07-23,111200.0,100,1112.0
2018-07-24,191500.0,161,1189.44099378882
2018-07-25,224100.0,255,878.8235294117648
2018-07-26,220900.0,216,1022.6851851851852
2018-07-27,61300.0,48,1277.0833333333333
2018-07-28,-1.0,-1,-1.0
2018-07-29,-1.0,-1,-1.0
2018-07-30,17000.0,30,566.6666666666666
2018-07-31,57000.0,50,1140.0
2018-08-01,-1.0,-1,-1.0
2018-08-02,132000.0,90,1466.6666666666667
2018-08-03,179700.0,231,777.922077922078
2018-08-04,124400.0,122,1019.672131147541
2018-08-05,-1.0,-1,-1.0
2018-08-06,134800.0,132,1021.2121212121212
2018-08-07,169100.0,216,782.8703703703703
2018-08-08,156200.0,128,1220.3125
2018-08-09,137500.0,134,1026.1194029850747
2018-08-10,128000.0,146,876.7123287671233
2018-08-11,138100.0,147,939.4557823129252
2018-08-12,-1.0,-1,-1.0
2018-08-13,119500.0,114,1048.2456140350878
2018-08-14,61600.0,68,905.8823529411765
2018-08-15,113100.0,86,1315.1162790697674
2018-08-16,204600.0,190,1076.842105263158
2018-08-17,107400.0,122,880.327868852459
2018-08-18,42500.0,48,885.4166666666666
2018-08-19,-1.0,-1,-1.0
2018-08-20,122000.0,92,1326.0869565217392
2018-08-21,138200.0,134,1031.3432835820895
2018-08-22,134900.0,166,812.6506024096385
2018-08-23,201400.0,169,1191.715976331361
2018-08-24,133600.0,178,750.561797752809
2018-08-25,-1.0,-1,-1.0
2018-08-26,-1.0,-1,-1.0
2018-08-27,83000.0,92,902.1739130434783
2018-08-28,268000.0,220,1218.1818181818182
2018-08-29,50000.0,100,500.0
2018-08-30,30000.0,20,1500.0
2018-08-31,176300.0,185,952.972972972973
2018-09-01,244200.0,233,1048.068669527897
2018-09-02,-1.0,-1,-1.0
2018-09-03,92300.0,120,769.1666666666666
2018-09-04,74900.0,94,796.8085106382979
2018-09-05,65500.0,74,885.1351351351351
2018-09-06,165000.0,108,1527.7777777777778
2018-09-07,104400.0,120,870.0
2018-09-08,111400.0,92,1210.8695652173913
2018-09-09,-1.0,-1,-1.0
2018-09-10,118200.0,116,1018.9655172413793
2018-09-11,53500.0,78,685.8974358974359
2018-09-12,185000.0,153,1209.1503267973856
2018-09-13,139400.0,259,538.2239382239383
2018-09-14,100900.0,66,1528.7878787878788
2018-09-15,183800.0,114,1612.280701754386
2018-09-16,-1.0,-1,-1.0
2018-09-17,146000.0,158,924.0506329113924
2018-09-18,186800.0,140,1334.2857142857142
2018-09-19,126500.0,157,805.7324840764331
2018-09-20,210200.0,307,684.6905537459284
2018-09-21,89500.0,64,1398.4375
2018-09-22,30000.0,20,1500.0
2018-09-23,-1.0,-1,-1.0
2018-09-24,-1.0,-1,-1.0
2018-09-25,-1.0,-1,-1.0
2018-09-26,-1.0,-1,-1.0
2018-09-27,25000.0,28,892.8571428571429
2018-09-28,130000.0,171,760.233918128655
2018-09-29,92000.0,40,2300.0
2018-09-30,-1.0,-1,-1.0
2018-10-01,124600.0,138,902.8985507246376
2018-10-02,316900.0,303,1045.874587458746
2018-10-03,237300.0,227,1045.374449339207
2018-10-04,124200.0,114,1089.4736842105262
2018-10-05,173400.0,236,734.7457627118644
2018-10-06,114200.0,94,1214.8936170212767
2018-10-07,-1.0,-1,-1.0
2018-10-08,27100.0,63,430.1587301587302
2018-10-09,103800.0,148,701.3513513513514
2018-10-10,149100.0,174,856.8965517241379
2018-10-11,162100.0,170,953.5294117647059
2018-10-12,223200.0,180,1240.0
2018-10-13,140000.0,160,875.0
2018-10-14,-1.0,-1,-1.0
2018-10-15,64700.0,78,829.4871794871794
2018-10-16,257300.0,274,939.051094890511
2018-10-17,136000.0,146,931.5068493150685
2018-10-18,224100.0,348,643.9655172413793
2018-10-19,203200.0,174,1167.816091954023
2018-10-20,215100.0,367,586.1035422343324
2018-10-21,-1.0,-1,-1.0
2018-10-22,144200.0,197,731.9796954314721
2018-10-23,134000.0,183,732.24043715847
2018-10-24,136400.0,120,1136.6666666666667
2018-10-25,70000.0,48,1458.3333333333333
2018-10-26,55000.0,46,1195.6521739130435
2018-10-27,-1.0,-1,-1.0
2018-10-28,-1.0,-1,-1.0
2018-10-29,-1.0,-1,-1.0
2018-10-30,24000.0,24,1000.0
2018-10-31,105300.0,136,774.2647058823529
2018-11-01,119900.0,120,999.1666666666666
2018-11-02,114200.0,163,700.6134969325153
2018-11-03,102000.0,144,708.3333333333334
2018-11-04,-1.0,-1,-1.0
2018-11-05,89000.0,134,664.179104477612
2018-11-06,145000.0,124,1169.3548387096773
2018-11-07,235000.0,280,839.2857142857143
2018-11-08,156100.0,112,1393.75
2018-11-09,54600.0,48,1137.5
2018-11-10,104600.0,135,774.8148148148148
2018-11-11,-1.0,-1,-1.0
2018-11-12,227700.0,178,1279.2134831460673
2018-11-13,128000.0,144,888.8888888888889
2018-11-14,220400.0,186,1184.9462365591398
2018-11-15,289300.0,269,1075.4646840148698
2018-11-16,242800.0,251,967.3306772908367
2018-11-17,154200.0,116,1329.3103448275863
2018-11-18,-1.0,-1,-1.0
2018-11-19,124800.0,158,789.873417721519
2018-11-20,33000.0,52,634.6153846153846
2018-11-21,111200.0,130,855.3846153846154
2018-11-22,86600.0,94,921.2765957446809
2018-11-23,122500.0,174,704.0229885057471
2018-11-24,-1.0,-1,-1.0
2018-11-25,-1.0,-1,-1.0
2018-11-26,118500.0,94,1260.6382978723404
2018-11-27,40000.0,20,2000.0
2018-11-28,110500.0,48,2302.0833333333335
2018-11-29,179300.0,156,1149.3589743589744
2018-11-30,373100.0,246,1516.6666666666667
2018-12-01,64200.0,48,1337.5
2018-12-02,-1.0,-1,-1.0
2018-12-03,195900.0,166,1180.120481927711
2018-12-04,231200.0,320,722.5
2018-12-05,72800.0,82,887.8048780487804
2018-12-06,235300.0,266,884.5864661654135
2018-12-07,18300.0,28,653.5714285714286
2018-12-08,128000.0,213,600.9389671361503
2018-12-09,-1.0,-1,-1.0
2018-12-10,72000.0,48,1500.0
2018-12-11,90000.0,86,1046.5116279069769
2018-12-12,199300.0,307,649.185667752443
2018-12-13,266000.0,229,1161.5720524017468
2018-12-14,170200.0,226,753.0973451327434
2018-12-15,98000.0,123,796.7479674796748
2018-12-16,-1.0,-1,-1.0
2018-12-17,115000.0,176,653.4090909090909
2018-12-18,137000.0,160,856.25
2018-12-19,210400.0,172,1223.2558139534883
2018-12-20,60500.0,48,1260.4166666666667
2018-12-21,267700.0,188,1423.936170212766
2018-12-22,105900.0,228,464.4736842105263
2018-12-23,-1.0,-1,-1.0
2018-12-24,18000.0,28,642.8571428571429
2018-12-25,22500.0,26,865.3846153846154
2018-12-26,23000.0,20,1150.0
2018-12-27,113100.0,198,571.2121212121212
2018-12-28,195900.0,213,919.7183098591549
2018-12-29,83300.0,149,559.0604026845638
2018-12-30,-1.0,-1,-1.0
2018-12-31,50000.0,48,1041.6666666666667
2019-01-01,-1.0,-1,-1.0
2019-01-02,65400.0,74,883.7837837837837
2019-01-03,230400.0,267,862.9213483146067
2019-01-04,76800.0,72,1066.6666666666667
2019-01-05,92800.0,114,814.0350877192982
2019-01-06,-1.0,-1,-1.0
2019-01-07,85000.0,118,720.3389830508474
2019-01-08,125300.0,96,1305.2083333333333
2019-01-09,117900.0,150,786.0
2019-01-10,233600.0,197,1185.7868020304568
2019-01-11,93500.0,66,1416.6666666666667
2019-01-12,123300.0,186,662.9032258064516
2019-01-13,-1.0,-1,-1.0
2019-01-14,84300.0,104,810.5769230769231
2019-01-15,161800.0,269,601.4869888475837
2019-01-16,132700.0,133,997.7443609022556
2019-01-17,205600.0,131,1569.4656488549617
2019-01-18,73300.0,78,939.7435897435897
2019-01-19,40000.0,103,388.3495145631068
2019-01-20,-1.0,-1,-1.0
2019-01-21,110300.0,66,1671.2121212121212
2019-01-22,224900.0,217,1036.405529953917
2019-01-23,73400.0,83,884.3373493975904
2019-01-24,86000.0,123,699.1869918699186
2019-01-25,54400.0,78,697.4358974358975
2019-01-26,128200.0,130,986.1538461538462
2019-01-27,-1.0,-1,-1.0
2019-01-28,72500.0,74,979.7297297297297
2019-01-29,80700.0,83,972.289156626506
2019-01-30,95000.0,68,1397.0588235294117
2019-01-31,218500.0,156,1400.6410256410256
2019-02-01,102700.0,135,760.7407407407408
2019-02-02,82800.0,48,1725.0
2019-02-03,-1.0,-1,-1.0
2019-02-04,-1.0,-1,-1.0
2019-02-05,-1.0,-1,-1.0
2019-02-06,-1.0,-1,-1.0
2019-02-07,-1.0,-1,-1.0
2019-02-08,85000.0,70,1214.2857142857142
2019-02-09,-1.0,-1,-1.0
2019-02-10,-1.0,-1,-1.0
2019-02-11,123700.0,98,1262.2448979591836
2019-02-12,192900.0,157,1228.6624203821657
2019-02-13,20000.0,28,714.2857142857143
2019-02-14,250500.0,183,1368.8524590163934
2019-02-15,181800.0,112,1623.2142857142858
2019-02-16,212700.0,130,1636.1538461538462
2019-02-17,-1.0,-1,-1.0
2019-02-18,167700.0,161,1041.6149068322982
2019-02-19,58300.0,46,1267.391304347826
2019-02-20,105300.0,104,1012.5
2019-02-21,63000.0,80,787.5
2019-02-22,49000.0,138,355.07246376811594
2019-02-23,-1.0,-1,-1.0
2019-02-24,-1.0,-1,-1.0
2019-02-25,5000.0,32,156.25
2019-02-26,83800.0,80,1047.5
2019-02-27,96100.0,104,924.0384615384615
2019-02-28,172600.0,202,854.4554455445544
2019-03-01,108700.0,195,557.4358974358975
2019-03-02,101000.0,104,971.1538461538462
2019-03-03,-1.0,-1,-1.0
2019-03-04,70700.0,48,1472.9166666666667
2019-03-05,94800.0,74,1281.081081081081
2019-03-06,150000.0,62,2419.3548387096776
2019-03-07,207200.0,244,849.1803278688525
2019-03-08,92000.0,161,571.4285714285714
2019-03-09,80000.0,52,1538.4615384615386
2019-03-10,-1.0,-1,-1.0
2019-03-11,75300.0,133,566.1654135338346
2019-03-12,286000.0,333,858.8588588588589
2019-03-13,22800.0,35,651.4285714285714
2019-03-14,155000.0,219,707.7625570776256
2019-03-15,23000.0,26,884.6153846153846
2019-03-16,306000.0,329,930.0911854103343
2019-03-17,-1.0,-1,-1.0
2019-03-18,218000.0,190,1147.3684210526317
2019-03-19,124300.0,60,2071.6666666666665
2019-03-20,183800.0,158,1163.2911392405063
2019-03-21,330000.0,269,1226.7657992565055
2019-03-22,203800.0,169,1205.9171597633135
2019-03-23,-1.0,-1,-1.0
2019-03-24,-1.0,-1,-1.0
2019-03-25,-1.0,-1,-1.0
2019-03-26,148600.0,232,640.5172413793103
2019-03-27,227200.0,152,1494.7368421052631
2019-03-28,321900.0,295,1091.1864406779662
2019-03-29,165000.0,125,1320.0
2019-03-30,210000.0,88,2386.3636363636365
2019-03-31,-1.0,-1,-1.0
2019-04-01,183200.0,100,1832.0
2019-04-02,78100.0,118,661.8644067796611
2019-04-03,100200.0,104,963.4615384615385
2019-04-04,293000.0,149,1966.4429530201342
2019-04-05,290200.0,142,2043.661971830986
2019-04-06,155800.0,140,1112.857142857143
2019-04-07,-1.0,-1,-1.0
2019-04-08,169900.0,107,1587.8504672897195
2019-04-09,276900.0,308,899.025974025974
2019-04-10,30000.0,26,1153.8461538461538
2019-04-11,151200.0,158,956.9620253164557
2019-04-12,98000.0,68,1441.1764705882354
2019-04-13,204500.0,157,1302.5477707006369
2019-04-14,-1.0,-1,-1.0
2019-04-15,114000.0,118,966.1016949152543
2019-04-16,268600.0,286,939.1608391608391
2019-04-17,235100.0,147,1599.3197278911564
2019-04-18,276300.0,241,1146.4730290456432
2019-04-19,223000.0,153,1457.516339869281
2019-04-20,30000.0,26,1153.8461538461538
2019-04-21,-1.0,-1,-1.0
2019-04-22,-1.0,-1,-1.0
2019-04-23,221500.0,150,1476.6666666666667
2019-04-24,55000.0,54,1018.5185185185185
2019-04-25,77700.0,48,1618.75
2019-04-26,90000.0,103,873.7864077669902
2019-04-27,27100.0,26,1042.3076923076924
2019-04-28,-1.0,-1,-1.0
2019-04-29,-1.0,-1,-1.0
2019-04-30,124200.0,100,1242.0
2019-05-01,80000.0,46,1739.1304347826087
2019-05-02,-1.0,-1,-1.0
2019-05-03,219600.0,208,1055.7692307692307
2019-05-04,26600.0,26,1023.0769230769231
2019-05-05,-1.0,-1,-1.0
2019-05-06,-1.0,-1,-1.0
2019-05-07,-1.0,-1,-1.0
2019-05-08,27700.0,26,1065.3846153846155
2019-05-09,130300.0,120,1085.8333333333333
2019-05-10,49000.0,54,907.4074074074074
2019-05-11,51000.0,86,593.0232558139535
2019-05-12,-1.0,-1,-1.0
2019-05-13,-1.0,-1,-1.0
2019-05-14,76000.0,114,666.6666666666666
2019-05-15,26000.0,26,1000.0
2019-05-16,81000.0,114,710.5263157894736
2019-05-17,81000.0,114,710.5263157894736
2019-05-18,30000.0,26,1153.8461538461538
2019-05-19,-1.0,-1,-1.0
2019-05-20,-1.0,-1,-1.0
2019-05-21,116000.0,213,544.6009389671361
2019-05-22,40000.0,22,1818.1818181818182
2019-05-23,48900.0,86,568.6046511627907
2019-05-24,-1.0,-1,-1.0
2019-05-25,32000.0,24,1333.3333333333333
2019-05-26,-1.0,-1,-1.0
2019-05-27,-1.0,-1,-1.0
2019-05-28,26000.0,26,1000.0
2019-05-29,20000.0,28,714.2857142857143
2019-05-30,-1.0,-1,-1.0
2019-05-31,-1.0,-1,-1.0
2019-06-01,50000.0,54,925.925925925926
2019-06-02,-1.0,-1,-1.0
2019-06-03,-1.0,-1,-1.0
2019-06-04,-1.0,-1,-1.0
2019-06-05,28000.0,60,466.6666666666667
2019-06-06,-1.0,-1,-1.0
2019-06-07,-1.0,-1,-1.0
2019-06-08,58000.0,88,659.0909090909091
2019-06-09,-1.0,-1,-1.0
2019-06-10,-1.0,-1,-1.0
2019-06-11,28000.0,60,466.6666666666667
2019-06-12,-1.0,-1,-1.0
2019-06-13,55000.0,50,1100.0
2019-06-14,-1.0,-1,-1.0
2019-06-15,-1.0,-1,-1.0
2019-06-16,-1.0,-1,-1.0
2019-06-17,-1.0,-1,-1.0
2019-06-18,62000.0,46,1347.8260869565217
2019-06-19,62000.0,46,1347.8260869565217
2019-06-20,20000.0,28,714.2857142857143
2019-06-21,91000.0,96,947.9166666666666
2019-06-22,82000.0,74,1108.1081081081081
2019-06-23,-1.0,-1,-1.0
2019-06-24,-1.0,-1,-1.0
2019-06-25,77000.0,74,1040.5405405405406
2019-06-26,20000.0,28,714.2857142857143
2019-06-27,48000.0,96,500.0
2019-06-28,57000.0,46,1239.1304347826087
2019-06-29,80200.0,146,549.3150684931506
2019-06-30,-1.0,-1,-1.0
2019-07-01,95000.0,48,1979.1666666666667
2019-07-02,-1.0,-1,-1.0
2019-07-03,-1.0,-1,-1.0
2019-07-04,-1.0,-1,-1.0
2019-07-05,-1.0,-1,-1.0
2019-07-06,-1.0,-1,-1.0
2019-07-07,-1.0,-1,-1.0
2019-07-08,-1.0,-1,-1.0
2019-07-09,-1.0,-1,-1.0
2019-07-10,-1.0,-1,-1.0
2019-07-11,-1.0,-1,-1.0
2019-07-12,-1.0,-1,-1.0
2019-07-13,-1.0,-1,-1.0
2019-07-14,-1.0,-1,-1.0
2019-07-15,-1.0,-1,-1.0
2019-07-16,-1.0,-1,-1.0
2019-07-17,-1.0,-1,-1.0
2019-07-18,-1.0,-1,-1.0
2019-07-19,-1.0,-1,-1.0
2019-07-20,-1.0,-1,-1.0
2019-07-21,-1.0,-1,-1.0
2019-07-22,-1.0,-1,-1.0
2019-07-23,-1.0,-1,-1.0
2019-07-24,-1.0,-1,-1.0
2019-07-25,-1.0,-1,-1.0
2019-07-26,-1.0,-1,-1.0
2019-07-27,-1.0,-1,-1.0
2019-07-28,-1.0,-1,-1.0
2019-07-29,-1.0,-1,-1.0
2019-07-30,-1.0,-1,-1.0
2019-07-31,-1.0,-1,-1.0
2019-08-01,-1.0,-1,-1.0
2019-08-02,-1.0,-1,-1.0
2019-08-03,-1.0,-1,-1.0
2019-08-04,-1.0,-1,-1.0
2019-08-05,-1.0,-1,-1.0
2019-08-06,-1.0,-1,-1.0
2019-08-07,-1.0,-1,-1.0
2019-08-08,-1.0,-1,-1.0
2019-08-09,-1.0,-1,-1.0
2019-08-10,-1.0,-1,-1.0
2019-08-11,-1.0,-1,-1.0
2019-08-12,-1.0,-1,-1.0
2019-08-13,-1.0,-1,-1.0
2019-08-14,-1.0,-1,-1.0
2019-08-15,-1.0,-1,-1.0
2019-08-16,-1.0,-1,-1.0
2019-08-17,-1.0,-1,-1.0
2019-08-18,-1.0,-1,-1.0
2019-08-19,-1.0,-1,-1.0
2019-08-20,-1.0,-1,-1.0
2019-08-21,-1.0,-1,-1.0
2019-08-22,-1.0,-1,-1.0
2019-08-23,-1.0,-1,-1.0
2019-08-24,-1.0,-1,-1.0
2019-08-25,-1.0,-1,-1.0
2019-08-26,-1.0,-1,-1.0
2019-08-27,-1.0,-1,-1.0
2019-08-28,-1.0,-1,-1.0
2019-08-29,-1.0,-1,-1.0
2019-08-30,-1.0,-1,-1.0
2019-08-31,-1.0,-1,-1.0
2019-09-01,-1.0,-1,-1.0
2019-09-02,-1.0,-1,-1.0
2019-09-03,-1.0,-1,-1.0
2019-09-04,-1.0,-1,-1.0
2019-09-05,-1.0,-1,-1.0
2019-09-06,-1.0,-1,-1.0
2019-09-07,-1.0,-1,-1.0
2019-09-08,-1.0,-1,-1.0
2019-09-09,-1.0,-1,-1.0
2019-09-10,-1.0,-1,-1.0
2019-09-11,-1.0,-1,-1.0
2019-09-12,-1.0,-1,-1.0
2019-09-13,-1.0,-1,-1.0
2019-09-14,-1.0,-1,-1.0
2019-09-15,-1.0,-1,-1.0
2019-09-16,-1.0,-1,-1.0
2019-09-17,-1.0,-1,-1.0
2019-09-18,-1.0,-1,-1.0
2019-09-19,-1.0,-1,-1.0
2019-09-20,-1.0,-1,-1.0
2019-09-21,-1.0,-1,-1.0
2019-09-22,-1.0,-1,-1.0
2019-09-23,-1.0,-1,-1.0
2019-09-24,-1.0,-1,-1.0
2019-09-25,-1.0,-1,-1.0
2019-09-26,-1.0,-1,-1.0
2019-09-27,-1.0,-1,-1.0
2019-09-28,-1.0,-1,-1.0
2019-09-29,-1.0,-1,-1.0
2019-09-30,-1.0,-1,-1.0
2019-10-01,-1.0,-1,-1.0
2019-10-02,-1.0,-1,-1.0
2019-10-03,-1.0,-1,-1.0
2019-10-04,-1.0,-1,-1.0
2019-10-05,-1.0,-1,-1.0
2019-10-06,-1.0,-1,-1.0
2019-10-07,-1.0,-1,-1.0
2019-10-08,-1.0,-1,-1.0
2019-10-09,-1.0,-1,-1.0
2019-10-10,-1.0,-1,-1.0
2019-10-11,-1.0,-1,-1.0
2019-10-12,-1.0,-1,-1.0
2019-10-13,-1.0,-1,-1.0
2019-10-14,-1.0,-1,-1.0
2019-10-15,-1.0,-1,-1.0
2019-10-16,-1.0,-1,-1.0
2019-10-17,-1.0,-1,-1.0
2019-10-18,-1.0,-1,-1.0
2019-10-19,-1.0,-1,-1.0
2019-10-20,-1.0,-1,-1.0
2019-10-21,-1.0,-1,-1.0
2019-10-22,-1.0,-1,-1.0
2019-10-23,-1.0,-1,-1.0
2019-10-24,-1.0,-1,-1.0
2019-10-25,-1.0,-1,-1.0
2019-10-26,-1.0,-1,-1.0
2019-10-27,-1.0,-1,-1.0
2019-10-28,-1.0,-1,-1.0
2019-10-29,-1.0,-1,-1.0
2019-10-30,-1.0,-1,-1.0
2019-10-31,-1.0,-1,-1.0
2019-11-01,-1.0,-1,-1.0
2019-11-02,-1.0,-1,-1.0
2019-11-03,-1.0,-1,-1.0
2019-11-04,-1.0,-1,-1.0
2019-11-05,-1.0,-1,-1.0
2019-11-06,-1.0,-1,-1.0
2019-11-07,-1.0,-1,-1.0
2019-11-08,-1.0,-1,-1.0
2019-11-09,-1.0,-1,-1.0
2019-11-10,-1.0,-1,-1.0
2019-11-11,-1.0,-1,-1.0
2019-11-12,-1.0,-1,-1.0
2019-11-13,-1.0,-1,-1.0
2019-11-14,-1.0,-1,-1.0
2019-11-15,-1.0,-1,-1.0
2019-11-16,-1.0,-1,-1.0
2019-11-17,-1.0,-1,-1.0
2019-11-18,-1.0,-1,-1.0
2019-11-19,-1.0,-1,-1.0
2019-11-20,-1.0,-1,-1.0
2019-11-21,-1.0,-1,-1.0
2019-11-22,-1.0,-1,-1.0
2019-11-23,-1.0,-1,-1.0
2019-11-24,-1.0,-1,-1.0
2019-11-25,-1.0,-1,-1.0
2019-11-26,-1.0,-1,-1.0
2019-11-27,-1.0,-1,-1.0
2019-11-28,-1.0,-1,-1.0
2019-11-29,-1.0,-1,-1.0
2019-11-30,-1.0,-1,-1.0
2019-12-01,-1.0,-1,-1.0
2019-12-02,-1.0,-1,-1.0
2019-12-03,-1.0,-1,-1.0
2019-12-04,23000.0,30,766.6666666666666
2019-12-05,31000.0,30,1033.3333333333333
2019-12-06,35000.0,26,1346.1538461538462
2019-12-07,50000.0,20,2500.0
2019-12-08,-1.0,-1,-1.0
2019-12-09,-1.0,-1,-1.0
2019-12-10,60000.0,24,2500.0
2019-12-11,78000.0,20,3900.0
2019-12-12,-1.0,-1,-1.0
2019-12-13,-1.0,-1,-1.0
2019-12-14,-1.0,-1,-1.0
2019-12-15,-1.0,-1,-1.0
2019-12-16,-1.0,-1,-1.0
2019-12-17,-1.0,-1,-1.0
2019-12-18,-1.0,-1,-1.0
2019-12-19,-1.0,-1,-1.0
2019-12-20,-1.0,-1,-1.0
2019-12-21,-1.0,-1,-1.0
2019-12-22,-1.0,-1,-1.0
2019-12-23,88000.0,46,1913.0434782608695
2019-12-24,-1.0,-1,-1.0
2019-12-25,-1.0,-1,-1.0
2019-12-26,-1.0,-1,-1.0
2019-12-27,-1.0,-1,-1.0
2019-12-28,-1.0,-1,-1.0
2019-12-29,-1.0,-1,-1.0
2019-12-30,-1.0,-1,-1.0
2019-12-31,-1.0,-1,-1.0
2020-01-01,-1.0,-1,-1.0
2020-01-02,110000.0,20,5500.0
2020-01-03,-1.0,-1,-1.0
2020-01-04,-1.0,-1,-1.0
2020-01-05,-1.0,-1,-1.0
2020-01-06,-1.0,-1,-1.0
2020-01-07,-1.0,-1,-1.0
2020-01-08,-1.0,-1,-1.0
2020-01-09,-1.0,-1,-1.0
2020-01-10,-1.0,-1,-1.0
2020-01-11,-1.0,-1,-1.0
2020-01-12,-1.0,-1,-1.0
2020-01-13,-1.0,-1,-1.0
2020-01-14,-1.0,-1,-1.0
2020-01-15,-1.0,-1,-1.0
2020-01-16,-1.0,-1,-1.0
2020-01-17,-1.0,-1,-1.0
2020-01-18,-1.0,-1,-1.0
2020-01-19,-1.0,-1,-1.0
2020-01-20,-1.0,-1,-1.0
2020-01-21,-1.0,-1,-1.0
2020-01-22,-1.0,-1,-1.0
2020-01-23,-1.0,-1,-1.0
2020-01-24,-1.0,-1,-1.0
2020-01-25,-1.0,-1,-1.0
2020-01-26,-1.0,-1,-1.0
2020-01-27,-1.0,-1,-1.0
2020-01-28,-1.0,-1,-1.0
2020-01-29,-1.0,-1,-1.0
2020-01-30,-1.0,-1,-1.0
2020-01-31,-1.0,-1,-1.0
2020-02-01,-1.0,-1,-1.0
2020-02-02,-1.0,-1,-1.0
2020-02-03,-1.0,-1,-1.0
2020-02-04,-1.0,-1,-1.0
2020-02-05,-1.0,-1,-1.0
2020-02-06,-1.0,-1,-1.0
2020-02-07,-1.0,-1,-1.0
2020-02-08,-1.0,-1,-1.0
2020-02-09,-1.0,-1,-1.0
2020-02-10,-1.0,-1,-1.0
2020-02-11,-1.0,-1,-1.0
2020-02-12,-1.0,-1,-1.0
2020-02-13,-1.0,-1,-1.0
2020-02-14,-1.0,-1,-1.0
2020-02-15,-1.0,-1,-1.0
2020-02-16,-1.0,-1,-1.0
2020-02-17,-1.0,-1,-1.0
2020-02-18,-1.0,-1,-1.0
2020-02-19,50000.0,20,2500.0
2020-02-20,-1.0,-1,-1.0
2020-02-21,-1.0,-1,-1.0
2020-02-22,-1.0,-1,-1.0
2020-02-23,-1.0,-1,-1.0
2020-02-24,-1.0,-1,-1.0
2020-02-25,-1.0,-1,-1.0
2020-02-26,-1.0,-1,-1.0
2020-02-27,-1.0,-1,-1.0
2020-02-28,-1.0,-1,-1.0
2020-02-29,-1.0,-1,-1.0
2020-03-01,-1.0,-1,-1.0
2020-03-02,-1.0,-1,-1.0
2020-03-03,-1.0,-1,-1.0
2020-03-04,-1.0,-1,-1.0
2020-03-05,-1.0,-1,-1.0
2020-03-06,-1.0,-1,-1.0
2020-03-07,-1.0,-1,-1.0
2020-03-08,-1.0,-1,-1.0
2020-03-09,-1.0,-1,-1.0
2020-03-10,-1.0,-1,-1.0
2020-03-11,-1.0,-1,-1.0
2020-03-12,-1.0,-1,-1.0
2020-03-13,-1.0,-1,-1.0
2020-03-14,133000.0,116,1146.551724137931
2020-03-15,-1.0,-1,-1.0
2020-03-16,-1.0,-1,-1.0
2020-03-17,-1.0,-1,-1.0
2020-03-18,-1.0,-1,-1.0
2020-03-19,-1.0,-1,-1.0
2020-03-20,108500.0,110,986.3636363636364
2020-03-21,-1.0,-1,-1.0
2020-03-22,-1.0,-1,-1.0
2020-03-23,-1.0,-1,-1.0
2020-03-24,-1.0,-1,-1.0
2020-03-25,-1.0,-1,-1.0
2020-03-26,88000.0,50,1760.0
2020-03-27,-1.0,-1,-1.0
2020-03-28,-1.0,-1,-1.0
2020-03-29,-1.0,-1,-1.0
2020-03-30,-1.0,-1,-1.0
2020-03-31,-1.0,-1,-1.0
2020-04-01,-1.0,-1,-1.0
2020-04-02,-1.0,-1,-1.0
2020-04-03,-1.0,-1,-1.0
2020-04-04,-1.0,-1,-1.0
2020-04-05,-1.0,-1,-1.0
2020-04-06,46300.0,80,578.75
2020-04-07,95000.0,38,2500.0
2020-04-08,177300.0,154,1151.2987012987012
2020-04-09,46000.0,80,575.0
2020-04-10,90000.0,38,2368.4210526315787
2020-04-11,40000.0,20,2000.0
2020-04-12,-1.0,-1,-1.0
2020-04-13,-1.0,-1,-1.0
2020-04-14,-1.0,-1,-1.0
2020-04-15,41700.0,20,2085.0
2020-04-16,-1.0,-1,-1.0
2020-04-17,135000.0,60,2250.0
2020-04-18,-1.0,-1,-1.0
2020-04-19,-1.0,-1,-1.0
2020-04-20,-1.0,-1,-1.0
2020-04-21,-1.0,-1,-1.0
2020-04-22,43000.0,22,1954.5454545454545
2020-04-23,47000.0,20,2350.0
2020-04-24,90700.0,38,2386.842105263158
2020-04-25,-1.0,-1,-1.0
2020-04-26,-1.0,-1,-1.0
2020-04-27,-1.0,-1,-1.0
2020-04-28,45600.0,18,2533.3333333333335
2020-04-29,-1.0,-1,-1.0
2020-04-30,-1.0,-1,-1.0
2020-05-01,-1.0,-1,-1.0
2020-05-02,-1.0,-1,-1.0
2020-05-03,-1.0,-1,-1.0
2020-05-04,-1.0,-1,-1.0
2020-05-05,-1.0,-1,-1.0
2020-05-06,-1.0,-1,-1.0
2020-05-07,-1.0,-1,-1.0
2020-05-08,89000.0,38,2342.1052631578946
2020-05-09,44000.0,20,2200.0
2020-05-10,-1.0,-1,-1.0
2020-05-11,45000.0,18,2500.0
2020-05-12,43100.0,20,2155.0
2020-05-13,45000.0,18,2500.0
2020-05-14,45000.0,18,2500.0
2020-05-15,83000.0,48,1729.1666666666667
2020-05-16,82700.0,48,1722.9166666666667
2020-05-17,-1.0,-1,-1.0
2020-05-18,-1.0,-1,-1.0
2020-05-19,43000.0,20,2150.0
2020-05-20,45000.0,18,2500.0
2020-05-21,45000.0,18,2500.0
2020-05-22,-1.0,-1,-1.0
2020-05-23,89000.0,38,2342.1052631578946
2020-05-24,-1.0,-1,-1.0
2020-05-25,45000.0,18,2500.0
2020-05-26,88000.0,38,2315.7894736842104
2020-05-27,-1.0,-1,-1.0
2020-05-28,44000.0,20,2200.0
2020-05-29,45000.0,18,2500.0
2020-05-30,-1.0,-1,-1.0
2020-05-31,-1.0,-1,-1.0
2020-06-01,-1.0,-1,-1.0
2020-06-02,-1.0,-1,-1.0
2020-06-03,87000.0,40,2175.0
2020-06-04,44000.0,20,2200.0
2020-06-05,-1.0,-1,-1.0
2020-06-06,132200.0,58,2279.310344827586
2020-06-07,-1.0,-1,-1.0
2020-06-08,-1.0,-1,-1.0
2020-06-09,-1.0,-1,-1.0
2020-06-10,45000.0,20,2250.0
2020-06-11,87000.0,42,2071.4285714285716
2020-06-12,-1.0,-1,-1.0
2020-06-13,43000.0,22,1954.5454545454545
2020-06-14,-1.0,-1,-1.0
2020-06-15,-1.0,-1,-1.0
2020-06-16,-1.0,-1,-1.0
2020-06-17,-1.0,-1,-1.0
2020-06-18,-1.0,-1,-1.0
2020-06-19,44000.0,18,2444.4444444444443
2020-06-20,-1.0,-1,-1.0
2020-06-21,-1.0,-1,-1.0
2020-06-22,-1.0,-1,-1.0
2020-06-23,-1.0,-1,-1.0
2020-06-24,-1.0,-1,-1.0
2020-06-25,89000.0,44,2022.7272727272727
2020-06-26,-1.0,-1,-1.0
2020-06-27,47500.0,26,1826.923076923077
2020-06-28,-1.0,-1,-1.0
2020-06-29,-1.0,-1,-1.0
2020-06-30,47500.0,26,1826.923076923077
2020-07-01,-1.0,-1,-1.0
2020-07-02,-1.0,-1,-1.0
2020-07-03,37000.0,36,1027.7777777777778
2020-07-04,-1.0,-1,-1.0
2020-07-05,-1.0,-1,-1.0
2020-07-06,36000.0,36,1000.0
2020-07-07,72000.0,58,1241.3793103448277
2020-07-08,-1.0,-1,-1.0
2020-07-09,-1.0,-1,-1.0
2020-07-10,-1.0,-1,-1.0
2020-07-11,-1.0,-1,-1.0
2020-07-12,-1.0,-1,-1.0
2020-07-13,-1.0,-1,-1.0
2020-07-14,43000.0,18,2388.8888888888887
2020-07-15,-1.0,-1,-1.0
2020-07-16,-1.0,-1,-1.0
2020-07-17,-1.0,-1,-1.0
2020-07-18,-1.0,-1,-1.0
2020-07-19,-1.0,-1,-1.0
2020-07-20,70600.0,46,1534.7826086956522
2020-07-21,-1.0,-1,-1.0
2020-07-22,-1.0,-1,-1.0
2020-07-23,64000.0,44,1454.5454545454545
2020-07-24,49200.0,62,793.5483870967741
2020-07-25,-1.0,-1,-1.0
2020-07-26,-1.0,-1,-1.0
2020-07-27,-1.0,-1,-1.0
2020-07-28,16600.0,22,754.5454545454545
2020-07-29,46900.0,66,710.6060606060606
2020-07-30,16000.0,26,615.3846153846154
2020-07-31,21000.0,24,875.0
2020-08-01,-1.0,-1,-1.0
2020-08-02,-1.0,-1,-1.0
2020-08-03,86200.0,94,917.0212765957447
2020-08-04,60000.0,46,1304.3478260869565
2020-08-05,-1.0,-1,-1.0
2020-08-06,-1.0,-1,-1.0
2020-08-07,-1.0,-1,-1.0
2020-08-08,-1.0,-1,-1.0
2020-08-09,-1.0,-1,-1.0
2020-08-10,-1.0,-1,-1.0
2020-08-11,-1.0,-1,-1.0
2020-08-12,-1.0,-1,-1.0
2020-08-13,-1.0,-1,-1.0
2020-08-14,-1.0,-1,-1.0
2020-08-15,35000.0,22,1590.909090909091
2020-08-16,-1.0,-1,-1.0
2020-08-17,30000.0,26,1153.8461538461538
2020-08-18,42000.0,61,688.5245901639345
2020-08-19,-1.0,-1,-1.0
2020-08-20,23000.0,24,958.3333333333334
2020-08-21,64000.0,46,1391.304347826087
2020-08-22,-1.0,-1,-1.0
2020-08-23,-1.0,-1,-1.0
2020-08-24,28000.0,24,1166.6666666666667
2020-08-25,-1.0,-1,-1.0
2020-08-26,71000.0,46,1543.4782608695652
2020-08-27,68000.0,48,1416.6666666666667
2020-08-28,-1.0,-1,-1.0
2020-08-29,-1.0,-1,-1.0
2020-08-30,-1.0,-1,-1.0
2020-08-31,33000.0,26,1269.2307692307693
2020-09-01,-1.0,-1,-1.0
2020-09-02,34300.0,18,1905.5555555555557
2020-09-03,27000.0,26,1038.4615384615386
2020-09-04,53000.0,48,1104.1666666666667
2020-09-05,65000.0,46,1413.0434782608695
2020-09-06,-1.0,-1,-1.0
2020-09-07,-1.0,-1,-1.0
2020-09-08,87300.0,72,1212.5
2020-09-09,-1.0,-1,-1.0
2020-09-10,26000.0,26,1000.0
2020-09-11,33000.0,24,1375.0
2020-09-12,65000.0,54,1203.7037037037037
2020-09-13,-1.0,-1,-1.0
2020-09-14,87800.0,46,1908.695652173913
2020-09-15,64000.0,52,1230.7692307692307
2020-09-16,37000.0,22,1681.8181818181818
2020-09-17,42000.0,20,2100.0
2020-09-18,36000.0,22,1636.3636363636363
2020-09-19,36000.0,26,1384.6153846153845
2020-09-20,-1.0,-1,-1.0
2020-09-21,33000.0,22,1500.0
2020-09-22,30000.0,24,1250.0
2020-09-23,30000.0,26,1153.8461538461538
2020-09-24,28600.0,22,1300.0
2020-09-25,30000.0,24,1250.0
2020-09-26,37000.0,26,1423.076923076923
2020-09-27,-1.0,-1,-1.0
2020-09-28,38000.0,26,1461.5384615384614
2020-09-29,-1.0,-1,-1.0
2020-09-30,-1.0,-1,-1.0
2020-10-01,-1.0,-1,-1.0
2020-10-02,-1.0,-1,-1.0
2020-10-03,-1.0,-1,-1.0
2020-10-04,-1.0,-1,-1.0
2020-10-05,-1.0,-1,-1.0
2020-10-06,-1.0,-1,-1.0
2020-10-07,-1.0,-1,-1.0
2020-10-08,-1.0,-1,-1.0
2020-10-09,-1.0,-1,-1.0
2020-10-10,-1.0,-1,-1.0
2020-10-11,-1.0,-1,-1.0
2020-10-12,-1.0,-1,-1.0
2020-10-13,36000.0,24,1500.0
2020-10-14,-1.0,-1,-1.0
2020-10-15,41000.0,24,1708.3333333333333
2020-10-16,-1.0,-1,-1.0
2020-10-17,41500.0,24,1729.1666666666667
2020-10-18,-1.0,-1,-1.0
2020-10-19,42000.0,24,1750.0
2020-10-20,37000.0,26,1423.076923076923
2020-10-21,35400.0,22,1609.090909090909
2020-10-22,60000.0,50,1200.0
2020-10-23,87800.0,44,1995.4545454545455
2020-10-24,76000.0,42,1809.5238095238096
2020-10-25,-1.0,-1,-1.0
2020-10-26,-1.0,-1,-1.0
2020-10-27,-1.0,-1,-1.0
2020-10-28,94900.0,98,968.3673469387755
2020-10-29,-1.0,-1,-1.0
2020-10-30,-1.0,-1,-1.0
2020-10-31,32000.0,30,1066.6666666666667
2020-11-01,-1.0,-1,-1.0
2020-11-02,-1.0,-1,-1.0
2020-11-03,-1.0,-1,-1.0
2020-11-04,52000.0,20,2600.0
2020-11-05,-1.0,-1,-1.0
2020-11-06,-1.0,-1,-1.0
2020-11-07,-1.0,-1,-1.0
2020-11-08,-1.0,-1,-1.0
2020-11-09,43000.0,24,1791.6666666666667
2020-11-10,76000.0,50,1520.0
2020-11-11,-1.0,-1,-1.0
2020-11-12,41000.0,24,1708.3333333333333
2020-11-13,36200.0,24,1508.3333333333333
2020-11-14,84500.0,46,1836.9565217391305
2020-11-15,-1.0,-1,-1.0
2020-11-16,-1.0,-1,-1.0
2020-11-17,40000.0,20,2000.0
2020-11-18,38000.0,24,1583.3333333333333
2020-11-19,-1.0,-1,-1.0
2020-11-20,-1.0,-1,-1.0
2020-11-21,-1.0,-1,-1.0
2020-11-22,-1.0,-1,-1.0
2020-11-23,-1.0,-1,-1.0
2020-11-24,35000.0,30,1166.6666666666667
2020-11-25,-1.0,-1,-1.0
2020-11-26,31800.0,30,1060.0
2020-11-27,28000.0,30,933.3333333333334
2020-11-28,-1.0,-1,-1.0
2020-11-29,-1.0,-1,-1.0
2020-11-30,-1.0,-1,-1.0
2020-12-01,-1.0,-1,-1.0
2020-12-02,-1.0,-1,-1.0
2020-12-03,-1.0,-1,-1.0
2020-12-04,-1.0,-1,-1.0
2020-12-05,-1.0,-1,-1.0
2020-12-06,-1.0,-1,-1.0
2020-12-07,37000.0,24,1541.6666666666667
2020-12-08,38600.0,22,1754.5454545454545
2020-12-09,35000.0,20,1750.0
2020-12-10,35000.0,20,1750.0
2020-12-11,30000.0,22,1363.6363636363637
2020-12-12,35900.0,22,1631.8181818181818
2020-12-13,-1.0,-1,-1.0
2020-12-14,-1.0,-1,-1.0
2020-12-15,-1.0,-1,-1.0
2020-12-16,-1.0,-1,-1.0
2020-12-17,-1.0,-1,-1.0
2020-12-18,-1.0,-1,-1.0
2020-12-19,-1.0,-1,-1.0
2020-12-20,-1.0,-1,-1.0
2020-12-21,-1.0,-1,-1.0
2020-12-22,-1.0,-1,-1.0
2020-12-23,-1.0,-1,-1.0
2020-12-24,-1.0,-1,-1.0
2020-12-25,-1.0,-1,-1.0
2020-12-26,-1.0,-1,-1.0
2020-12-27,-1.0,-1,-1.0
2020-12-28,-1.0,-1,-1.0
2020-12-29,-1.0,-1,-1.0
2020-12-30,-1.0,-1,-1.0
2020-12-31,-1.0,-1,-1.0
